publishedAt,sentiment_score
2026-02-28T21:28:12Z,-0.8
2026-02-28T21:12:11Z,-0.3
2026-02-28T21:10:38Z,0.6
2026-02-28T20:03:06Z,-0.7
2026-02-28T19:54:26Z,-0.35
2026-02-28T19:37:06Z,-0.8
2026-02-28T18:11:18Z,0.4
2026-02-28T17:44:39Z,-0.7
2026-02-28T17:28:00Z,0.5
2026-02-28T17:11:10Z,-0.95
2026-02-28T16:54:04Z,-0.3
2026-02-28T16:05:14Z,-0.85
2026-02-28T14:48:13Z,-0.5
2026-02-28T14:17:56Z,-0.9
2026-02-28T14:10:18Z,0.0
2026-02-28T13:21:30Z,-0.83
2026-02-28T12:44:49Z,0.0
2026-02-28T12:30:22Z,0.75
2026-02-28T12:28:03Z,-0.94
2026-02-28T12:20:47Z,0.17
2026-02-28T12:20:46Z,-0.82
2026-02-28T11:51:13Z,0.92
2026-02-28T11:29:36Z,-0.63
2026-02-28T11:29:20Z,-0.86
2026-02-28T10:56:59Z,0.76
2026-02-28T10:01:59Z,-0.98
2026-02-28T09:00:13Z,0.25
2026-02-28T07:00:00Z,-0.88
2026-02-28T05:15:14Z,0.23
2026-03-01T23:43:15Z,-0.94
2026-03-01T23:40:30Z,-0.75
2026-03-01T23:39:29Z,0.85
2026-03-01T23:23:24Z,0.9
2026-03-01T23:16:24Z,-1.0
2026-03-01T23:04:42Z,0.7
2026-03-01T21:31:23Z,0.65
2026-03-01T21:31:13Z,0.8
2026-03-01T21:28:35Z,-0.4
2026-03-01T21:28:08Z,0.0
2026-03-01T21:18:45Z,0.2
2026-03-01T20:37:05Z,-1.0
2026-03-01T19:25:00Z,0.85
2026-03-01T19:18:30Z,0.4
2026-03-01T18:57:00Z,0.8
2026-03-01T18:55:56Z,0.55
2026-03-01T18:53:16Z,-0.9
2026-03-01T18:43:54Z,-0.8
2026-03-01T18:32:49Z,0.0
2026-03-01T18:32:18Z,-0.9
2026-03-01T18:31:23Z,-0.9
2026-03-01T18:29:21Z,0.4
2026-03-01T18:23:55Z,0.4
2026-03-01T18:23:34Z,-0.6
2026-03-01T18:22:33Z,0.0
2026-03-01T18:22:12Z,-0.1
2026-03-01T18:21:07Z,-0.9
2026-03-01T18:18:29Z,0.4
2026-03-01T18:18:07Z,0.6
2026-03-01T18:11:18Z,0.0
2026-03-01T18:07:55Z,-1.0
2026-03-01T17:35:42Z,-0.9
2026-03-01T17:32:00Z,-0.5
2026-03-01T17:09:39Z,0.7
2026-03-01T17:06:00Z,0.1
2026-03-01T17:05:00Z,0.0
2026-03-01T16:58:00Z,-0.8
2026-03-01T16:54:00Z,0.1
2026-03-01T16:50:47Z,0.0
2026-03-01T16:27:11Z,0.2
2026-03-01T16:02:00Z,0.9
2026-03-01T15:31:22Z,-0.7
2026-03-01T15:21:07Z,-0.4
2026-03-01T15:03:18Z,0.4
2026-03-01T14:40:10Z,0.2
2026-03-01T14:35:28Z,0.3
2026-03-01T14:17:30Z,-0.85
2026-03-01T14:08:50Z,-0.55
2026-03-01T14:05:00Z,-0.45
2026-03-02T23:53:37Z,-0.35
2026-03-02T23:30:39Z,-0.8
2026-03-02T23:21:12Z,-0.6
2026-03-02T23:08:47Z,-0.9
2026-03-02T23:08:47Z,-0.65
2026-03-02T22:42:05Z,-0.5
2026-03-02T22:04:40Z,-0.85
2026-03-02T22:02:12Z,-0.6
2026-03-02T21:52:21Z,-0.4
2026-03-02T21:50:32Z,-0.95
2026-03-02T21:42:24Z,-0.8
2026-03-02T21:37:55Z,-0.55
2026-03-02T20:54:29Z,-0.9
2026-03-02T20:43:35Z,0.3
2026-03-02T20:36:57Z,0.8
2026-03-02T20:15:00Z,0.7
2026-03-02T20:04:49Z,0.7
2026-03-02T20:01:56Z,0.8
2026-03-02T19:38:16Z,0.9
2026-03-02T19:31:58Z,0.9
2026-03-02T18:57:46Z,0.8
2026-03-02T18:57:46Z,0.6
2026-03-02T18:46:28Z,0.6
2026-03-02T18:44:27Z,0.1
2026-03-02T18:43:58Z,0.4
2026-03-02T18:35:02Z,-0.1
2026-03-02T18:32:26Z,0.3
2026-03-02T18:32:16Z,-0.9
2026-03-02T18:25:00Z,-0.5
2026-03-02T18:18:57Z,0.8
2026-03-02T18:00:00Z,-0.6
2026-03-02T18:00:00Z,-0.75
2026-03-02T17:55:37Z,0.2
2026-03-02T17:49:31Z,-0.3
2026-03-02T17:47:53Z,-0.4
2026-03-02T17:45:26Z,-0.1
2026-03-02T17:40:50Z,-0.8
2026-03-02T17:10:49Z,-0.4
2026-03-02T16:47:52Z,0.1
2026-03-02T16:46:23Z,0.85
2026-03-02T16:36:21Z,0.8
2026-03-02T16:35:26Z,0.0
2026-03-02T16:35:00Z,-0.8
2026-03-02T16:18:15Z,0.9
2026-03-03T23:51:29Z,0.7
2026-03-03T23:49:48Z,-0.3
2026-03-03T23:49:48Z,-0.2
2026-03-03T23:32:51Z,-0.9
2026-03-03T23:02:24Z,0.8
2026-03-03T22:30:38Z,0.1
2026-03-03T22:00:24Z,0.5
2026-03-03T21:59:34Z,0.0
2026-03-03T21:48:33Z,0.7
2026-03-03T21:41:25Z,-0.1
2026-03-03T21:28:06Z,-0.6
2026-03-03T21:25:13Z,-0.4
2026-03-03T21:15:00Z,0.6
2026-03-03T21:14:43Z,-0.65
2026-03-03T21:13:54Z,0.35
2026-03-03T21:11:13Z,0.05
2026-03-03T20:53:09Z,-0.8
2026-03-03T20:50:38Z,-0.3
2026-03-03T20:34:06Z,-0.9
2026-03-03T20:31:28Z,-0.7
2026-03-03T20:17:17Z,0.05
2026-03-03T20:01:00Z,-0.9
2026-03-03T19:49:49Z,0.3
2026-03-03T19:39:06Z,0.6
2026-03-03T18:52:00Z,-0.85
2026-03-03T18:47:20Z,-0.35
2026-03-03T18:34:32Z,-0.95
2026-03-03T18:29:24Z,-0.8
2026-03-03T18:19:32Z,-0.85
2026-03-03T18:13:10Z,0.2
2026-03-03T18:07:42Z,0.7
2026-03-03T18:03:35Z,-0.3
2026-03-03T18:03:15Z,0.4
2026-03-03T18:00:00Z,-0.9
2026-03-03T17:59:00Z,-0.95
2026-03-03T17:54:38Z,-0.6
2026-03-03T17:42:23Z,0.3
2026-03-03T17:41:17Z,-0.8
2026-03-03T17:39:25Z,-0.7
2026-03-03T17:12:25Z,-0.85
2026-03-03T17:12:25Z,-0.75
2026-03-03T17:12:25Z,-0.9
2026-03-03T17:11:10Z,-0.8
2026-03-03T17:00:00Z,-0.83
2026-03-03T16:52:17Z,-0.13
2026-03-03T16:50:37Z,0.64
2026-03-03T16:48:30Z,0.07
2026-03-04T23:51:54Z,0.35
2026-03-04T23:30:49Z,-0.91
2026-03-04T22:21:10Z,-0.9
2026-03-04T22:07:24Z,0.86
2026-03-04T21:42:24Z,-0.85
2026-03-04T21:36:36Z,-0.98
2026-03-04T21:31:52Z,0.71
2026-03-04T20:54:23Z,-0.53
2026-03-04T20:45:01Z,0.58
2026-03-04T20:33:12Z,-0.42
2026-03-04T20:17:05Z,-0.78
2026-03-04T18:00:00Z,-0.83
2026-03-04T17:58:13Z,-0.42
2026-03-04T17:45:47Z,0.83
2026-03-04T17:45:47Z,0.17
2026-03-04T17:45:20Z,0.0
2026-03-04T17:30:00Z,0.42
2026-03-04T16:38:58Z,-0.67
2026-03-04T16:38:03Z,-0.5
2026-03-04T16:34:00Z,-0.71
2026-03-04T16:26:51Z,-0.73
2026-03-04T16:11:37Z,0.55
2026-03-04T15:54:13Z,0.92
2026-03-04T15:47:23Z,-0.17
2026-03-04T15:46:04Z,-0.25
2026-03-04T15:40:47Z,-0.58
2026-03-04T15:38:30Z,-0.8
2026-03-04T15:37:34Z,0.0
2026-03-04T15:34:41Z,-0.7
2026-03-04T15:18:05Z,-0.9
2026-03-04T15:17:24Z,-0.9
2026-03-04T15:16:00Z,-0.7
2026-03-04T15:00:40Z,0.2
2026-03-04T14:55:18Z,0.0
2026-03-04T14:40:31Z,-0.8
2026-03-04T14:27:00Z,-0.9
2026-03-04T14:11:27Z,-0.9
2026-03-04T14:02:44Z,-0.5
2026-03-04T14:02:03Z,-0.7
2026-03-04T13:56:27Z,0.0
2026-03-04T13:52:00Z,0.0
2026-03-04T13:50:24Z,0.0
2026-03-04T13:45:32Z,0.0
2026-03-05T23:30:19Z,0.0
2026-03-05T23:28:49Z,0.0
2026-03-05T23:03:01Z,0.0
2026-03-05T22:51:29Z,0.0
2026-03-05T22:51:14Z,0.0
2026-03-05T22:24:34Z,0.0
2026-03-05T22:00:00Z,0.0
2026-03-05T21:45:27Z,0.0
2026-03-05T21:43:26Z,0.0
2026-03-05T21:32:10Z,0.0
2026-03-05T21:28:12Z,0.0
2026-03-05T21:12:50Z,0.0
2026-03-05T21:12:00Z,0.0
2026-03-05T21:00:00Z,-0.85
2026-03-05T20:50:09Z,0.2
2026-03-05T20:50:09Z,0.2
2026-03-05T20:42:15Z,-0.55
2026-03-05T20:36:24Z,-0.6
2026-03-05T19:45:21Z,-0.7
2026-03-05T19:41:17Z,-0.65
2026-03-05T19:20:52Z,0.5
2026-03-05T19:07:15Z,0.0
2026-03-05T19:05:02Z,-0.75
2026-03-05T18:42:02Z,-0.5
2026-03-05T18:41:00Z,-0.45
2026-03-05T18:25:49Z,-0.85
2026-03-05T18:23:00Z,-0.7
2026-03-05T18:22:09Z,-0.85
2026-03-05T18:16:56Z,-0.75
2026-03-05T18:02:54Z,0.15
2026-03-05T18:01:18Z,0.0
2026-03-05T18:01:08Z,0.0
2026-03-05T18:00:00Z,0.0
2026-03-05T17:19:38Z,0.0
2026-03-05T17:13:45Z,-0.5
2026-03-05T17:10:19Z,-0.3
2026-03-05T16:39:53Z,-1.0
2026-03-05T16:27:17Z,-1.0
2026-03-05T16:20:22Z,0.0
2026-03-05T16:04:24Z,-1.0
2026-03-05T16:00:17Z,-1.0
2026-03-05T15:54:05Z,-0.5
2026-03-05T15:49:01Z,-1.0
2026-03-05T15:40:09Z,-0.4
2026-03-05T15:40:00Z,-0.2
2026-03-05T15:37:42Z,0.9
2026-03-05T15:28:58Z,-0.8
2026-03-05T15:23:30Z,-0.7
2026-03-05T15:23:30Z,-0.7
2026-03-05T15:23:30Z,-0.75
2026-03-06T23:33:28Z,0.5
2026-03-06T23:27:24Z,0.1
2026-03-06T23:20:00Z,-0.9
2026-03-06T23:19:43Z,0.6
2026-03-06T23:10:05Z,0.8
2026-03-06T23:03:33Z,0.5
2026-03-06T23:00:36Z,0.0
2026-03-06T22:25:57Z,-0.85
2026-03-06T21:40:03Z,-0.85
2026-03-06T21:39:41Z,0.45
2026-03-06T21:39:17Z,0.75
2026-03-06T21:38:37Z,0.35
2026-03-06T21:31:43Z,-0.7
2026-03-06T21:31:32Z,0.25
2026-03-06T21:20:52Z,0.95
2026-03-06T21:18:00Z,0.0
2026-03-06T21:17:16Z,-1.0
2026-03-06T21:13:17Z,-0.55
2026-03-06T21:10:00Z,-0.6
2026-03-06T21:06:14Z,-0.8
2026-03-06T21:03:32Z,-0.85
2026-03-06T20:47:19Z,-0.7
2026-03-06T20:35:00Z,0.1
2026-03-06T19:42:41Z,-0.95
2026-03-06T19:36:10Z,-0.3
2026-03-06T19:18:49Z,0.8
2026-03-06T19:15:53Z,-0.7
2026-03-06T19:15:34Z,-1.0
2026-03-06T19:06:33Z,-1.0
2026-03-06T18:44:16Z,0.0
2026-03-06T18:38:24Z,0.85
2026-03-06T18:26:18Z,-0.4
2026-03-06T18:13:21Z,-1.0
2026-03-06T18:09:40Z,-0.9
2026-03-06T18:01:20Z,-0.2
2026-03-06T17:52:33Z,-0.6
2026-03-06T17:48:13Z,-0.7
2026-03-06T17:34:34Z,0.8
2026-03-06T17:31:39Z,0.0
2026-03-06T17:18:08Z,0.0
2026-03-06T16:46:00Z,0.0
2026-03-06T16:43:00Z,0.0
2026-03-07T23:50:21Z,0.0
2026-03-07T23:34:00Z,0.0
2026-03-07T23:32:27Z,0.0
2026-03-07T22:00:43Z,0.0
2026-03-07T21:56:28Z,0.0
2026-03-07T21:12:19Z,0.0
2026-03-07T20:32:53Z,0.0
2026-03-07T18:15:00Z,0.0
2026-03-07T18:00:00Z,0.0
2026-03-07T17:15:29Z,0.0
2026-03-07T17:11:26Z,0.0
2026-03-07T16:45:45Z,-0.75
2026-03-07T16:14:28Z,-0.5
2026-03-07T16:07:36Z,0.1
2026-03-07T16:00:59Z,0.6
2026-03-07T16:00:00Z,-0.8
2026-03-07T14:53:09Z,-0.7
2026-03-07T14:50:55Z,0.2
2026-03-07T14:40:22Z,0.9
2026-03-07T14:34:42Z,-0.8
2026-03-07T14:33:00Z,0.4
2026-03-07T13:21:57Z,-0.9
2026-03-07T13:21:09Z,0.3
2026-03-07T13:00:01Z,-0.6
2026-03-07T12:48:36Z,0.5
2026-03-07T12:09:36Z,-0.4
2026-03-07T12:03:56Z,-0.8
2026-03-07T11:52:27Z,0.2
2026-03-07T11:45:32Z,0.9
2026-03-07T11:45:16Z,-0.75
2026-03-07T11:17:04Z,0.0
2026-03-07T11:00:00Z,-0.9
2026-03-07T10:36:23Z,0.0
2026-03-07T10:32:50Z,-0.35
2026-03-07T10:32:39Z,0.95
2026-03-07T10:03:09Z,-0.7
2026-03-07T10:00:00Z,-0.25
2026-03-07T09:50:20Z,-0.4
2026-03-07T09:19:09Z,0.75
2026-03-07T09:07:06Z,-0.9
2026-03-07T09:00:52Z,0.2
2026-03-07T07:58:00Z,-0.85
2026-03-07T07:45:45Z,0.2
2026-03-07T07:39:46Z,0.75
2026-03-07T07:29:10Z,0.9
2026-03-07T07:20:00Z,0.7
2026-03-07T07:17:56Z,0.4
2026-03-08T23:47:19Z,0.95
2026-03-08T23:33:00Z,0.85
2026-03-08T23:31:25Z,0.9
2026-03-08T23:06:04Z,1.0
2026-03-08T22:43:44Z,-0.45
2026-03-08T22:43:44Z,0.1
2026-03-08T22:43:44Z,-0.2
2026-03-08T22:39:11Z,-0.8
2026-03-08T22:25:16Z,-0.6
2026-03-08T21:34:13Z,-0.75
2026-03-08T19:56:33Z,-0.5
2026-03-08T19:46:52Z,0.6
2026-03-08T19:15:39Z,-0.7
2026-03-08T18:56:15Z,0.0
2026-03-08T18:12:57Z,-0.55
2026-03-08T17:52:54Z,0.85
2026-03-08T16:51:49Z,-0.3
2026-03-08T16:48:54Z,-0.67
2026-03-08T16:39:27Z,-0.45
2026-03-08T16:12:55Z,-0.95
2026-03-08T16:01:32Z,0.0
2026-03-08T15:42:00Z,-0.65
2026-03-08T15:37:43Z,-0.82
2026-03-08T14:19:40Z,-0.7
2026-03-08T13:41:06Z,-0.95
2026-03-08T13:20:42Z,-0.1
2026-03-08T12:55:57Z,0.7
2026-03-08T12:18:51Z,-0.5
2026-03-08T12:08:09Z,-0.7
2026-03-08T10:43:34Z,-0.5
2026-03-08T10:25:56Z,0.7
2026-03-08T10:13:45Z,-0.8
2026-03-08T09:38:33Z,0.6
2026-03-08T09:35:35Z,-0.9
2026-03-08T09:10:24Z,-0.8
2026-03-08T08:33:06Z,-0.7
2026-03-08T08:02:45Z,0.3
2026-03-08T07:39:25Z,-0.9
2026-03-08T06:50:48Z,-0.7
2026-03-08T06:41:05Z,-0.92
2026-03-08T06:34:06Z,0.42
2026-03-08T06:29:44Z,0.92
2026-03-08T06:12:45Z,0.81
2026-03-08T05:42:26Z,0.88
2026-03-08T05:32:14Z,0.76
2026-03-08T05:13:44Z,-1.0
2026-03-08T04:59:13Z,-0.12
2026-03-08T04:47:38Z,-0.89
2026-03-09T23:46:09Z,0.23
2026-03-09T23:43:55Z,0.51
2026-03-09T23:30:02Z,0.17
2026-03-09T23:09:42Z,-0.68
2026-03-09T23:00:00Z,-0.96
2026-03-09T22:45:00Z,-0.81
2026-03-09T22:35:46Z,-0.5
2026-03-09T22:14:43Z,0.2
2026-03-09T22:12:17Z,0.8
2026-03-09T22:00:00Z,-0.9
2026-03-09T21:44:36Z,-0.2
2026-03-09T21:38:33Z,-0.6
2026-03-09T21:27:00Z,-0.1
2026-03-09T21:25:05Z,-0.75
2026-03-09T20:55:09Z,-0.4
2026-03-09T20:52:10Z,-0.9
2026-03-09T20:50:59Z,-0.6
2026-03-09T20:49:08Z,-0.9
2026-03-09T20:47:00Z,0.9
2026-03-09T20:43:21Z,-0.1
2026-03-09T20:38:45Z,-0.8
2026-03-09T20:27:23Z,-0.75
2026-03-09T20:24:56Z,0.5
2026-03-09T20:24:03Z,1.0
2026-03-09T20:19:01Z,-1.0
2026-03-09T20:09:10Z,0.1
2026-03-09T19:31:30Z,0.6
2026-03-09T19:27:01Z,0.0
2026-03-09T19:24:07Z,-0.9
2026-03-09T19:23:47Z,0.6
2026-03-09T19:14:58Z,-0.9
2026-03-09T19:13:57Z,-1.0
2026-03-09T18:43:34Z,-0.9
2026-03-09T18:30:41Z,-1.0
2026-03-09T18:30:00Z,-0.6
2026-03-09T18:11:12Z,-0.9
2026-03-09T18:07:10Z,-0.55
2026-03-09T18:06:45Z,-0.9
2026-03-09T18:00:55Z,-0.8
2026-03-09T17:54:06Z,-0.6
2026-03-09T17:50:16Z,0.8
2026-03-09T17:48:34Z,0.4
2026-03-09T17:39:24Z,-0.7
2026-03-09T17:29:06Z,0.1
2026-03-10T23:52:52Z,-0.9
2026-03-10T23:44:20Z,0.7
2026-03-10T23:28:05Z,0.4
2026-03-10T23:28:05Z,-0.6
2026-03-10T22:25:20Z,-0.85
2026-03-10T22:00:00Z,-0.8
2026-03-10T21:51:08Z,-0.4
2026-03-10T21:50:14Z,-0.35
2026-03-10T21:38:41Z,-0.1
2026-03-10T21:32:57Z,-0.55
2026-03-10T21:07:24Z,-0.85
2026-03-10T20:33:40Z,0.0
2026-03-10T20:11:04Z,-0.35
2026-03-10T20:10:22Z,-0.6
2026-03-10T20:00:00Z,-0.65
2026-03-10T20:00:00Z,0.0
2026-03-10T19:18:28Z,-0.4
2026-03-10T19:08:47Z,-0.2
2026-03-10T18:57:27Z,-0.7
2026-03-10T18:56:47Z,-0.8
2026-03-10T18:33:30Z,0.0
2026-03-10T18:33:30Z,-0.5
2026-03-10T18:32:48Z,-0.8
2026-03-10T18:30:00Z,0.2
2026-03-10T18:27:28Z,0.7
2026-03-10T18:23:00Z,-0.9
2026-03-10T18:06:22Z,0.5
2026-03-10T18:00:32Z,0.9
2026-03-10T17:54:37Z,-0.7
2026-03-10T17:51:08Z,0.8
2026-03-10T17:50:00Z,0.4
2026-03-10T17:41:59Z,0.9
2026-03-10T17:32:32Z,-0.6
2026-03-10T17:30:00Z,0.5
2026-03-10T17:21:24Z,-0.9
2026-03-10T17:15:55Z,0.7
2026-03-10T17:10:50Z,-0.8
2026-03-10T17:10:00Z,-0.8
2026-03-10T17:07:32Z,0.2
2026-03-10T17:06:49Z,-0.4
2026-03-10T16:52:20Z,0.6
2026-03-10T16:52:00Z,0.4
2026-03-10T16:50:00Z,0.8
2026-03-10T16:48:54Z,0.0
2026-03-10T16:46:12Z,-0.2
2026-03-10T16:30:00Z,-0.7
2026-03-10T16:23:27Z,-0.9
2026-03-11T23:59:00Z,0.4
2026-03-11T23:54:16Z,0.8
2026-03-11T23:10:05Z,-0.8
2026-03-11T23:00:00Z,-0.5
2026-03-11T22:04:00Z,-0.3
2026-03-11T22:00:53Z,-0.7
2026-03-11T22:00:00Z,-0.9
2026-03-11T21:58:00Z,0.2
2026-03-11T21:45:31Z,-0.8
2026-03-11T21:30:00Z,-0.4
2026-03-11T21:21:34Z,0.5
2026-03-11T20:59:15Z,-0.1
2026-03-11T20:58:17Z,-0.8
2026-03-11T20:00:00Z,0.3
2026-03-11T19:39:07Z,-0.6
2026-03-11T19:14:12Z,-0.7
2026-03-11T19:09:00Z,-0.9
2026-03-11T18:54:18Z,0.2
2026-03-11T18:51:54Z,0.4
2026-03-11T18:22:49Z,0.6
2026-03-11T18:19:33Z,-0.45
2026-03-11T18:09:09Z,0.15
2026-03-11T18:00:00Z,0.85
2026-03-11T17:53:34Z,-0.5
2026-03-11T17:31:05Z,0.25
2026-03-11T17:05:01Z,-0.6
2026-03-11T17:02:33Z,0.4
2026-03-11T16:54:02Z,0.1
2026-03-11T16:49:02Z,0.0
2026-03-11T16:33:33Z,-0.2
2026-03-11T16:30:27Z,-0.7
2026-03-11T16:23:15Z,-0.65
2026-03-11T16:07:13Z,-0.75
2026-03-11T16:01:38Z,-0.85
2026-03-11T16:00:00Z,0.3
2026-03-11T16:00:00Z,-0.85
2026-03-11T15:55:15Z,0.55
2026-03-11T15:52:16Z,0.9
2026-03-11T15:50:19Z,-0.1
2026-03-11T15:47:00Z,0.65
2026-03-11T15:30:28Z,0.0
2026-03-11T15:24:23Z,-0.35
2026-03-11T15:23:11Z,0.0
2026-03-11T15:15:43Z,0.4
2026-03-11T15:13:19Z,0.0
2026-03-11T15:12:53Z,-0.8
2026-03-11T15:00:09Z,0.75
2026-03-11T14:48:18Z,-0.4
2026-03-12T23:54:58Z,-0.75
2026-03-12T23:12:17Z,-0.6
2026-03-12T23:00:00Z,-0.95
2026-03-12T22:57:10Z,-0.7
2026-03-12T22:44:37Z,-0.1
2026-03-12T22:00:56Z,0.4
2026-03-12T21:38:54Z,-1.0
2026-03-12T21:36:26Z,-0.8
2026-03-12T21:29:00Z,-0.6
2026-03-12T20:56:57Z,-0.9
2026-03-12T20:30:12Z,-0.8
2026-03-12T19:18:40Z,-0.5
2026-03-12T18:13:16Z,0.0
2026-03-12T18:10:44Z,-0.4
2026-03-12T18:00:00Z,0.2
2026-03-12T17:57:27Z,-0.8
2026-03-12T17:53:32Z,0.2
2026-03-12T17:17:52Z,-0.9
2026-03-12T17:05:32Z,-0.8
2026-03-12T16:30:27Z,0.8
2026-03-12T16:14:04Z,0.2
2026-03-12T16:13:42Z,0.5
2026-03-12T15:57:45Z,0.9
2026-03-12T15:41:33Z,0.0
2026-03-12T15:32:54Z,-1.0
2026-03-12T15:31:11Z,0.1
2026-03-12T15:29:35Z,0.0
2026-03-12T15:11:07Z,-0.8
2026-03-12T15:08:45Z,0.4
2026-03-12T15:02:00Z,-0.9
2026-03-12T15:00:37Z,-0.8
2026-03-12T14:38:22Z,-0.9
2026-03-12T14:38:13Z,-0.9
2026-03-12T14:15:51Z,-0.6
2026-03-12T14:14:07Z,0.7
2026-03-12T14:10:23Z,-0.9
2026-03-12T14:07:04Z,-0.2
2026-03-12T14:00:00Z,0.3
2026-03-12T13:58:20Z,-0.9
2026-03-12T13:55:50Z,-0.3
2026-03-12T13:54:36Z,-0.7
2026-03-12T13:35:04Z,0.1
2026-03-12T13:30:58Z,0.2
2026-03-12T13:30:00Z,-0.9
2026-03-12T13:18:59Z,-0.9
2026-03-12T13:10:20Z,-0.7
2026-03-12T13:09:51Z,-0.8
2026-03-13T23:54:28Z,-0.9
2026-03-13T23:45:26Z,0.35
2026-03-13T23:28:57Z,0.7
2026-03-13T22:10:11Z,-0.8
2026-03-13T21:43:52Z,-0.3
2026-03-13T21:31:43Z,0.15
2026-03-13T21:26:45Z,-1.0
2026-03-13T21:22:19Z,-0.7
2026-03-13T21:18:11Z,-0.4
2026-03-13T21:13:50Z,0.75
2026-03-13T20:54:41Z,-0.65
2026-03-13T20:45:58Z,-0.85
2026-03-13T20:45:31Z,-1.0
2026-03-13T20:03:13Z,-0.95
2026-03-13T19:41:18Z,-0.5
2026-03-13T18:18:09Z,-0.65
2026-03-13T18:00:00Z,-0.2
2026-03-13T18:00:00Z,0.65
2026-03-13T17:30:43Z,-1.0
2026-03-13T17:05:57Z,0.05
2026-03-13T16:33:49Z,-0.8
2026-03-13T16:31:14Z,-0.9
2026-03-13T16:22:52Z,-0.8
2026-03-13T16:00:00Z,0.85
2026-03-13T16:00:00Z,-0.85
2026-03-13T15:46:36Z,-0.92
2026-03-13T15:23:52Z,-0.8
2026-03-13T15:22:07Z,0.15
2026-03-13T15:18:42Z,-0.2
2026-03-13T15:17:30Z,0.12
2026-03-13T15:00:45Z,-0.8
2026-03-13T14:45:27Z,0.1
2026-03-13T14:29:56Z,0.6
2026-03-13T14:21:37Z,-0.9
2026-03-13T14:06:06Z,-0.7
2026-03-13T14:01:13Z,-0.7
2026-03-13T13:52:49Z,-1.0
2026-03-13T13:52:29Z,-0.9
2026-03-13T13:52:29Z,-0.9
2026-03-13T13:52:29Z,-0.5
2026-03-13T13:52:29Z,-0.9
2026-03-13T13:49:25Z,-0.6
2026-03-13T13:16:40Z,-0.7
2026-03-13T13:08:07Z,-0.6
2026-03-13T12:52:20Z,-0.65
2026-03-13T12:43:29Z,-0.75
2026-03-13T12:30:31Z,0.1
2026-03-14T23:10:04Z,0.6
2026-03-14T23:00:00Z,0.3
2026-03-14T22:12:12Z,-1.0
2026-03-14T21:26:37Z,0.9
2026-03-14T21:00:00Z,0.1
2026-03-14T20:32:19Z,-0.9
2026-03-14T19:39:43Z,-0.8
2026-03-14T19:15:07Z,-0.2
2026-03-14T18:30:31Z,-0.4
2026-03-14T17:00:40Z,-1.0
2026-03-14T16:43:03Z,-0.1
2026-03-14T16:00:00Z,0.0
2026-03-14T16:00:00Z,-0.5
2026-03-14T16:00:00Z,-0.4
2026-03-14T15:52:27Z,0.0
2026-03-14T15:45:58Z,-0.75
2026-03-14T15:16:56Z,0.9
2026-03-14T14:41:47Z,-1.0
2026-03-14T13:54:18Z,-0.9
2026-03-14T13:46:24Z,-0.9
2026-03-14T13:38:30Z,-0.9
2026-03-14T12:31:27Z,-0.2
2026-03-14T12:11:47Z,-1.0
2026-03-14T12:09:12Z,-0.95
2026-03-14T11:30:00Z,-1.0
2026-03-14T11:25:48Z,0.2
2026-03-14T11:11:55Z,-0.7
2026-03-14T11:06:51Z,-0.9
2026-03-14T10:18:23Z,-0.6
2026-03-14T10:17:53Z,-1.0
2026-03-14T10:17:53Z,-1.0
2026-03-14T10:17:00Z,-0.5
2026-03-14T10:03:24Z,-0.4
2026-03-14T09:30:21Z,-0.5
2026-03-14T08:44:54Z,0.3
2026-03-14T08:33:11Z,0.8
2026-03-14T08:25:39Z,-0.8
2026-03-14T07:58:42Z,-1.0
2026-03-14T07:33:40Z,-0.7
2026-03-14T07:13:09Z,-1.0
2026-03-14T07:12:25Z,-1.0
2026-03-14T07:11:51Z,-1.0
2026-03-14T07:06:00Z,-0.9
2026-03-14T07:04:21Z,-0.75
2026-03-14T07:00:00Z,0.25
2026-03-14T06:50:52Z,0.7
2026-03-14T06:00:00Z,0.8
2026-03-14T06:00:00Z,0.1
2026-03-14T05:55:21Z,-0.9
2026-03-15T23:50:29Z,-0.6
2026-03-15T23:50:29Z,0.05
2026-03-15T23:47:54Z,-0.8
2026-03-15T23:36:19Z,-0.9
2026-03-15T23:05:15Z,0.65
2026-03-15T23:00:26Z,-0.85
2026-03-15T23:00:00Z,-0.95
2026-03-15T22:59:10Z,-0.3
2026-03-15T21:21:54Z,-0.8
2026-03-15T21:00:27Z,-0.9
2026-03-15T21:00:00Z,0.5
2026-03-15T20:35:12Z,0.8
2026-03-15T20:27:31Z,-0.7
2026-03-15T19:48:12Z,0.2
2026-03-15T19:34:57Z,0.1
2026-03-15T19:00:00Z,-0.6
2026-03-15T19:00:00Z,-0.8
2026-03-15T18:54:05Z,-0.9
2026-03-15T18:53:12Z,-0.8
2026-03-15T17:44:16Z,-0.7
2026-03-15T17:17:00Z,-0.6
2026-03-15T16:46:45Z,0.7
2026-03-15T16:46:37Z,-0.6
2026-03-15T15:40:25Z,-0.8
2026-03-15T15:38:45Z,-0.9
2026-03-15T15:11:48Z,-0.8
2026-03-15T15:05:35Z,-0.6
2026-03-15T15:00:00Z,0.1
2026-03-15T13:00:00Z,0.0
2026-03-15T12:46:48Z,0.8
2026-03-15T12:36:10Z,0.2
2026-03-15T11:43:12Z,-0.3
2026-03-15T11:42:17Z,0.0
2026-03-15T11:32:29Z,0.4
2026-03-15T11:10:44Z,-0.5
2026-03-15T10:29:49Z,-0.8
2026-03-15T10:00:00Z,-0.7
2026-03-15T09:20:04Z,-0.9
2026-03-15T08:41:58Z,-0.6
2026-03-15T08:29:00Z,-0.8
2026-03-15T08:23:11Z,-0.4
2026-03-15T08:15:47Z,-0.7
2026-03-15T08:02:00Z,0.5
2026-03-15T07:30:15Z,0.3
2026-03-15T06:30:00Z,0.5
2026-03-15T06:00:00Z,-0.9
2026-03-15T05:04:54Z,0.2
2026-03-15T04:34:09Z,-0.7
2026-03-15T04:11:19Z,-0.8
2026-03-15T03:03:59Z,-0.7
2026-03-16T23:35:27Z,0.0
2026-03-16T22:00:00Z,-0.9
2026-03-16T21:45:06Z,0.2
2026-03-16T21:28:28Z,-0.5
2026-03-16T21:00:00Z,-0.9
2026-03-16T20:40:45Z,-0.7
2026-03-16T20:28:00Z,-0.8
2026-03-16T20:19:18Z,0.1
2026-03-16T20:13:48Z,-1.0
2026-03-16T20:04:22Z,0.6
2026-03-16T19:46:05Z,0.0
2026-03-16T18:53:43Z,-0.9
2026-03-16T18:44:26Z,0.0
2026-03-16T18:44:26Z,0.1
2026-03-16T18:35:28Z,0.0
2026-03-16T18:16:51Z,-0.8
2026-03-16T17:53:08Z,0.5
2026-03-16T17:20:00Z,0.0
2026-03-16T17:20:00Z,0.0
2026-03-16T16:14:05Z,-0.9
2026-03-16T16:07:03Z,-0.5
2026-03-16T15:54:02Z,0.8
2026-03-16T15:51:03Z,-0.6
2026-03-16T15:34:51Z,-0.7
2026-03-16T15:32:57Z,-0.3
2026-03-16T15:22:03Z,-0.5
2026-03-16T15:00:00Z,0.6
2026-03-16T14:59:42Z,0.8
2026-03-16T14:45:34Z,0.9
2026-03-16T14:44:20Z,-0.7
2026-03-16T14:39:07Z,-0.9
2026-03-16T14:34:47Z,-0.6
2026-03-16T14:30:00Z,0.7
2026-03-16T14:13:19Z,0.9
2026-03-16T14:00:48Z,-0.35
2026-03-16T14:00:00Z,0.55
2026-03-16T13:53:19Z,0.85
2026-03-16T13:39:55Z,-0.6
2026-03-16T13:33:48Z,0.35
2026-03-16T13:19:54Z,-0.85
2026-03-16T13:19:36Z,-0.8
2026-03-16T13:08:27Z,0.4
2026-03-16T12:58:37Z,-0.15
2026-03-16T12:55:09Z,0.45
2026-03-16T12:34:57Z,0.65
2026-03-16T12:30:13Z,-0.7
2026-03-16T12:16:50Z,-0.45
2026-03-17T23:50:00Z,0.3
2026-03-17T23:00:00Z,-0.6
2026-03-17T22:30:40Z,-0.85
2026-03-17T22:27:41Z,-0.4
2026-03-17T22:26:35Z,0.65
2026-03-17T22:17:32Z,-0.8
2026-03-17T21:45:25Z,-0.35
2026-03-17T21:41:57Z,-0.15
2026-03-17T21:34:42Z,0.25
2026-03-17T21:32:12Z,-0.95
2026-03-17T21:28:12Z,-0.85
2026-03-17T21:14:40Z,0.15
2026-03-17T20:21:52Z,0.4
2026-03-17T20:00:00Z,-0.7
2026-03-17T19:00:00Z,-0.9
2026-03-17T17:19:17Z,-0.3
2026-03-17T16:02:21Z,-0.45
2026-03-17T15:59:34Z,-0.8
2026-03-17T15:27:17Z,-0.9
2026-03-17T15:24:25Z,0.9
2026-03-17T15:04:40Z,0.2
2026-03-17T14:56:15Z,0.6
2026-03-17T14:45:04Z,-0.7
2026-03-17T14:32:32Z,0.4
2026-03-17T14:29:02Z,-0.4
2026-03-17T14:28:29Z,0.2
2026-03-17T14:24:06Z,-0.6
2026-03-17T14:08:22Z,-0.8
2026-03-17T13:57:09Z,-0.8
2026-03-17T13:56:12Z,-0.1
2026-03-17T13:47:20Z,-0.8
2026-03-17T13:30:00Z,-0.3
2026-03-17T13:28:53Z,-0.6
2026-03-17T13:17:53Z,-0.9
2026-03-17T12:57:47Z,-0.4
2026-03-17T12:44:08Z,0.0
2026-03-17T12:18:00Z,-0.8
2026-03-17T12:10:21Z,-0.4
2026-03-17T11:46:18Z,-0.1
2026-03-17T11:18:30Z,-0.5
2026-03-17T10:49:45Z,0.0
2026-03-17T10:44:47Z,0.4
2026-03-17T10:31:51Z,-0.6
2026-03-17T10:30:22Z,-0.8
2026-03-17T10:17:20Z,-0.1
2026-03-17T10:04:22Z,0.4
2026-03-17T09:48:54Z,-0.8
2026-03-18T23:50:07Z,-0.55
2026-03-18T23:07:59Z,-0.2
2026-03-18T23:00:00Z,0.35
2026-03-18T22:43:44Z,-0.95
2026-03-18T22:30:19Z,-1.0
2026-03-18T21:39:07Z,-1.0
2026-03-18T21:33:29Z,-0.75
2026-03-18T21:02:46Z,-0.85
2026-03-18T21:00:00Z,0.55
2026-03-18T20:59:31Z,-0.7
2026-03-18T20:46:23Z,-1.0
2026-03-18T20:00:58Z,-0.45
2026-03-18T19:56:15Z,-1.0
2026-03-18T19:43:03Z,-1.0
2026-03-18T19:06:31Z,-0.6
2026-03-18T18:26:13Z,-0.95
2026-03-18T18:00:50Z,-0.15
2026-03-18T17:56:55Z,0.6
2026-03-18T17:51:29Z,0.85
2026-03-18T17:32:53Z,0.65
2026-03-18T17:15:33Z,0.8
2026-03-18T17:00:00Z,-0.7
2026-03-18T16:49:37Z,-0.9
2026-03-18T16:30:02Z,-0.75
2026-03-18T16:30:00Z,0.9
2026-03-18T16:28:28Z,-0.2
2026-03-18T15:41:00Z,-0.9
2026-03-18T15:25:05Z,-0.95
2026-03-18T15:11:24Z,0.6
2026-03-18T15:11:06Z,-0.8
2026-03-18T14:56:24Z,-0.9
2026-03-18T14:52:13Z,0.05
2026-03-18T14:47:45Z,0.5
2026-03-18T14:37:13Z,-1.0
2026-03-18T14:10:56Z,0.9
2026-03-18T14:03:11Z,-0.8
2026-03-18T14:03:11Z,-0.8
2026-03-18T14:03:11Z,0.3
2026-03-18T14:00:00Z,-0.95
2026-03-18T13:59:00Z,0.2
2026-03-18T13:49:26Z,-0.85
2026-03-18T13:37:41Z,0.6
2026-03-18T13:34:09Z,-1.0
2026-03-18T13:18:45Z,-0.3
2026-03-18T12:47:43Z,-0.9
2026-03-18T12:23:11Z,-0.5
2026-03-19T23:47:00Z,0.75
2026-03-19T23:00:00Z,-1.0
2026-03-19T22:55:57Z,0.8
2026-03-19T22:00:00Z,-0.9
2026-03-19T21:46:24Z,-1.0
2026-03-19T21:42:27Z,0.8
2026-03-19T21:35:16Z,0.65
2026-03-19T21:31:22Z,0.8
2026-03-19T21:07:13Z,0.6
2026-03-19T21:00:21Z,0.85
2026-03-19T20:28:25Z,-1.0
2026-03-19T20:22:42Z,0.95
2026-03-19T20:16:33Z,0.65
2026-03-19T20:15:54Z,0.8
2026-03-19T20:09:11Z,-0.75
2026-03-19T20:05:00Z,0.2
2026-03-19T20:00:00Z,0.6
2026-03-19T19:30:17Z,-0.9
2026-03-19T19:07:50Z,-1.0
2026-03-19T18:56:39Z,-1.0
2026-03-19T18:28:52Z,0.8
2026-03-19T17:54:17Z,-1.0
2026-03-19T17:41:46Z,-0.7
2026-03-19T17:07:48Z,-0.7
2026-03-19T17:01:26Z,-0.9
2026-03-19T16:54:28Z,0.1
2026-03-19T16:47:46Z,-0.3
2026-03-19T16:42:17Z,-1.0
2026-03-19T16:27:22Z,-0.7
2026-03-19T16:02:59Z,0.0
2026-03-19T16:01:18Z,0.0
2026-03-19T15:55:32Z,0.0
2026-03-19T15:51:01Z,0.0
2026-03-19T15:45:31Z,0.0
2026-03-19T15:43:58Z,0.0
2026-03-19T15:29:04Z,0.0
2026-03-19T15:28:36Z,0.0
2026-03-19T15:12:01Z,0.0
2026-03-19T15:03:05Z,0.0
2026-03-19T14:56:45Z,0.0
2026-03-19T14:42:15Z,0.0
2026-03-19T14:42:15Z,0.0
2026-03-19T14:35:08Z,0.0
2026-03-19T14:08:16Z,0.0
2026-03-19T14:03:03Z,-0.8
2026-03-19T14:00:00Z,0.9
2026-03-20T23:00:00Z,0.7
2026-03-20T22:55:52Z,-1.0
2026-03-20T22:34:00Z,-1.0
2026-03-20T22:18:07Z,-1.0
2026-03-20T22:00:40Z,0.0
2026-03-20T21:33:56Z,-1.0
2026-03-20T21:20:04Z,-1.0
2026-03-20T21:14:05Z,-1.0
2026-03-20T20:36:13Z,-1.0
2026-03-20T20:20:04Z,-1.0
2026-03-20T20:10:29Z,-1.0
2026-03-20T19:59:29Z,0.0
2026-03-20T19:51:26Z,-1.0
2026-03-20T19:32:38Z,-0.75
2026-03-20T19:27:58Z,0.1
2026-03-20T19:26:18Z,-1.0
2026-03-20T19:03:32Z,0.6
2026-03-20T19:00:53Z,0.1
2026-03-20T19:00:00Z,0.8
2026-03-20T18:00:00Z,-0.7
2026-03-20T17:45:06Z,1.0
2026-03-20T17:35:00Z,-1.0
2026-03-20T17:32:19Z,0.6
2026-03-20T17:14:54Z,-0.3
2026-03-20T17:10:26Z,-1.0
2026-03-20T16:54:48Z,0.0
2026-03-20T16:39:00Z,-0.8
2026-03-20T15:54:09Z,-1.0
2026-03-20T15:53:33Z,-0.75
2026-03-20T15:38:57Z,0.1
2026-03-20T15:36:38Z,0.8
2026-03-20T15:34:40Z,-1.0
2026-03-20T15:08:20Z,-0.9
2026-03-20T14:50:13Z,0.6
2026-03-20T14:48:43Z,0.8
2026-03-20T14:47:51Z,0.9
2026-03-20T14:30:35Z,-1.0
2026-03-20T14:17:33Z,0.4
2026-03-20T14:05:28Z,-0.9
2026-03-20T13:21:02Z,-0.7
2026-03-20T13:20:07Z,-1.0
2026-03-20T13:18:45Z,-1.0
2026-03-20T13:08:33Z,-0.7
2026-03-20T12:54:32Z,-0.2
2026-03-20T12:52:50Z,-0.8
2026-03-20T12:47:39Z,-0.5
2026-03-20T12:35:03Z,-0.4
2026-03-21T23:49:10Z,-0.6
2026-03-21T19:18:46Z,-0.7
2026-03-21T18:33:13Z,-0.9
2026-03-21T18:01:41Z,-0.4
2026-03-21T18:00:00Z,-0.8
2026-03-21T16:35:16Z,-0.1
2026-03-21T16:27:07Z,-0.8
2026-03-21T16:00:00Z,0.1
2026-03-21T14:48:23Z,-0.7
2026-03-21T13:45:09Z,0.0
2026-03-21T12:03:56Z,-0.8
2026-03-21T11:19:04Z,-0.8
2026-03-21T11:01:02Z,-0.2
2026-03-21T11:00:00Z,0.75
2026-03-21T10:44:45Z,-0.7
2026-03-21T10:19:12Z,-0.8
2026-03-21T10:19:12Z,-0.8
2026-03-21T09:45:00Z,-0.05
2026-03-21T09:43:23Z,-0.55
2026-03-21T09:25:59Z,-0.6
2026-03-21T09:16:41Z,-0.4
2026-03-21T09:07:01Z,-0.35
2026-03-21T08:57:47Z,-0.85
2026-03-21T08:54:57Z,-0.05
2026-03-21T08:42:34Z,-0.6
2026-03-21T08:29:55Z,-0.25
2026-03-21T08:00:00Z,-0.9
2026-03-21T07:54:31Z,0.95
2026-03-21T07:45:36Z,0.65
2026-03-21T07:30:00Z,0.35
2026-03-21T07:23:21Z,0.1
2026-03-21T07:22:51Z,0.85
2026-03-21T07:20:05Z,-0.7
2026-03-21T07:09:03Z,0.7
2026-03-21T07:03:36Z,0.55
2026-03-21T06:30:14Z,-0.8
2026-03-21T06:23:02Z,0.65
2026-03-21T06:17:25Z,-0.9
2026-03-21T06:00:00Z,0.05
2026-03-21T06:00:00Z,0.75
2026-03-21T06:00:00Z,0.2
2026-03-21T06:00:00Z,-0.75
2026-03-21T05:56:10Z,0.25
2026-03-21T05:08:16Z,-0.9
2026-03-21T04:56:40Z,-0.75
2026-03-21T04:51:47Z,-0.9
2026-03-22T23:41:50Z,-0.9
2026-03-22T23:00:00Z,-0.95
2026-03-22T22:40:05Z,-1.0
2026-03-22T20:04:42Z,-1.0
2026-03-22T19:52:43Z,-1.0
2026-03-22T19:21:32Z,-0.95
2026-03-22T18:41:45Z,-0.8
2026-03-22T18:37:41Z,-1.0
2026-03-22T17:20:48Z,-0.95
2026-03-22T17:05:00Z,-0.9
2026-03-22T17:00:00Z,-0.95
2026-03-22T16:37:20Z,0.3
2026-03-22T15:48:43Z,-0.8
2026-03-22T14:51:51Z,0.35
2026-03-22T14:15:27Z,-0.85
2026-03-22T13:01:00Z,-0.9
2026-03-22T12:21:27Z,-0.7
2026-03-22T12:04:16Z,-0.8
2026-03-22T10:09:36Z,0.05
2026-03-22T09:32:54Z,-0.85
2026-03-22T08:42:18Z,-0.8
2026-03-22T08:00:49Z,-0.8
2026-03-22T07:01:57Z,0.05
2026-03-22T06:48:33Z,-0.9
2026-03-22T06:25:03Z,-0.95
2026-03-22T06:00:00Z,-0.85
2026-03-22T05:52:16Z,-0.7
2026-03-22T05:51:26Z,-0.7
2026-03-22T04:53:04Z,-0.8
2026-03-22T04:46:31Z,-1.0
2026-03-22T04:37:32Z,-0.8
2026-03-22T03:41:50Z,-0.9
2026-03-22T01:55:16Z,-0.85
2026-03-22T00:58:55Z,-0.4
2026-03-22T00:55:45Z,-0.9
2026-03-22T00:45:28Z,-0.9
2026-03-23T23:47:40Z,-0.8
2026-03-23T22:54:47Z,0.05
2026-03-23T22:30:40Z,0.85
2026-03-23T22:03:48Z,-0.95
2026-03-23T22:02:00Z,-0.875
2026-03-23T21:30:23Z,-0.3
2026-03-23T21:06:35Z,0.7
2026-03-23T20:25:31Z,-0.2
2026-03-23T20:22:25Z,0.8
2026-03-23T19:42:46Z,-0.9
2026-03-23T19:18:18Z,0.0
2026-03-23T19:00:00Z,-0.6
2026-03-23T18:27:46Z,0.1
2026-03-23T18:09:00Z,0.9
2026-03-23T18:01:20Z,-0.6
2026-03-23T18:00:00Z,0.0
2026-03-23T17:04:59Z,-0.8
2026-03-23T16:37:42Z,-0.3
2026-03-23T16:35:09Z,-0.7
2026-03-23T16:05:18Z,-0.7
2026-03-23T16:00:00Z,0.5
2026-03-23T15:59:32Z,0.8
2026-03-23T15:49:17Z,-1.0
2026-03-23T15:21:07Z,-0.6
2026-03-23T15:15:06Z,-0.9
2026-03-23T14:59:21Z,-1.0
2026-03-23T14:54:00Z,0.1
2026-03-23T14:30:00Z,-1.0
2026-03-23T14:12:30Z,-0.9
2026-03-23T13:59:00Z,-1.0
2026-03-23T13:49:15Z,-0.7
2026-03-23T13:38:31Z,0.4
2026-03-23T13:29:19Z,-1.0
2026-03-23T13:16:13Z,-0.6
2026-03-23T13:13:08Z,-0.75
2026-03-23T13:01:58Z,0.1
2026-03-23T12:31:27Z,-0.8
2026-03-23T12:20:05Z,0.6
2026-03-23T12:20:05Z,-0.75
2026-03-23T11:58:36Z,-0.6
2026-03-23T11:58:21Z,0.1
2026-03-23T11:57:10Z,-0.4
2026-03-24T22:43:00Z,-0.55
2026-03-24T22:00:00Z,-0.8
2026-03-24T21:00:00Z,-0.75
2026-03-24T20:32:00Z,0.4
2026-03-24T20:02:44Z,-0.6
2026-03-24T20:00:49Z,-0.3
2026-03-24T20:00:00Z,-0.4
2026-03-24T19:39:52Z,-0.8
2026-03-24T17:20:46Z,0.2
2026-03-24T16:34:14Z,0.4
2026-03-24T16:32:11Z,-0.9
2026-03-24T16:23:02Z,0.2
2026-03-24T16:09:00Z,-0.95
2026-03-24T15:48:48Z,-0.9
2026-03-24T15:36:00Z,0.3
2026-03-24T15:35:04Z,0.05
2026-03-24T15:33:34Z,-0.8
2026-03-24T14:49:36Z,-0.85
2026-03-24T14:27:13Z,0.05
2026-03-24T14:00:00Z,-0.95
2026-03-24T13:25:21Z,-0.7
2026-03-24T13:03:42Z,-0.85
2026-03-24T13:02:57Z,-0.9
2026-03-24T12:47:03Z,0.4
2026-03-24T12:46:30Z,-0.7
2026-03-24T12:03:36Z,-0.6
2026-03-24T11:31:03Z,-0.9
2026-03-24T11:27:37Z,-0.3
2026-03-24T11:22:33Z,-0.8
2026-03-24T11:00:18Z,-0.95
2026-03-24T10:50:11Z,-0.9
2026-03-24T10:37:49Z,-0.7
2026-03-24T10:37:36Z,-0.6
2026-03-24T10:30:12Z,-0.6
2026-03-24T10:24:45Z,-0.4
2026-03-24T10:22:29Z,-0.8
2026-03-24T10:10:54Z,-0.5
2026-03-24T10:09:37Z,-0.45
2026-03-24T10:06:04Z,-0.9
2026-03-24T09:45:00Z,0.0
2026-03-24T09:31:00Z,-0.85
2026-03-24T09:27:00Z,0.7
2026-03-24T09:26:26Z,-0.65
2026-03-24T09:23:22Z,-0.5
2026-03-24T09:22:18Z,-0.35
2026-03-24T09:22:18Z,-0.2
2026-03-25T23:37:30Z,-0.95
2026-03-25T22:42:13Z,0.35
2026-03-25T22:42:00Z,0.3
2026-03-25T22:32:04Z,0.15
2026-03-25T21:57:00Z,-0.8
2026-03-25T21:40:45Z,-0.55
2026-03-25T21:24:00Z,-0.6
2026-03-25T20:45:32Z,0.1
2026-03-25T20:34:21Z,-0.8
2026-03-25T20:10:45Z,-0.7
2026-03-25T20:00:13Z,-0.9
2026-03-25T19:56:36Z,0.4
2026-03-25T19:22:49Z,-0.3
2026-03-25T17:57:42Z,-0.9
2026-03-25T17:49:49Z,0.2
2026-03-25T17:26:46Z,-0.9
2026-03-25T16:47:28Z,0.4
2026-03-25T15:55:13Z,-0.9
2026-03-25T15:46:34Z,0.1
2026-03-25T15:40:10Z,-0.8
2026-03-25T15:30:00Z,-0.9
2026-03-25T15:26:19Z,-0.9
2026-03-25T15:16:37Z,0.9
2026-03-25T15:14:20Z,-0.8
2026-03-25T15:11:24Z,-0.3
2026-03-25T15:06:19Z,-0.9
2026-03-25T14:58:26Z,-1.0
2026-03-25T14:25:27Z,-0.6
2026-03-25T14:04:23Z,-1.0
2026-03-25T13:28:27Z,-0.9
2026-03-25T12:49:55Z,-0.5
2026-03-25T12:32:20Z,0.0
2026-03-25T12:30:52Z,-0.9
2026-03-25T12:14:04Z,-0.2
2026-03-25T11:58:44Z,-0.9
2026-03-25T11:54:28Z,-0.5
2026-03-25T11:45:09Z,-0.6
2026-03-25T11:39:12Z,0.15
2026-03-25T11:34:54Z,0.8
2026-03-25T11:23:12Z,0.0
2026-03-25T11:12:30Z,-0.8
2026-03-25T11:10:49Z,0.7
2026-03-25T11:05:44Z,0.9
2026-03-25T11:02:29Z,-0.35
2026-03-25T11:01:30Z,-0.2
2026-03-25T11:01:24Z,-0.4
2026-03-26T23:52:19Z,-0.7
2026-03-26T23:02:00Z,-0.9
2026-03-26T23:00:00Z,-0.95
2026-03-26T23:00:00Z,0.0
2026-03-26T23:00:00Z,-0.3
2026-03-26T22:11:13Z,-0.9
2026-03-26T22:00:00Z,0.7
2026-03-26T21:53:13Z,0.8
2026-03-26T21:50:26Z,0.0
2026-03-26T21:05:45Z,0.2
2026-03-26T20:54:10Z,0.0
2026-03-26T20:41:25Z,-0.8
2026-03-26T20:39:33Z,-0.8
2026-03-26T20:30:05Z,-1.0
2026-03-26T20:17:33Z,-0.7
2026-03-26T20:11:06Z,-0.6
2026-03-26T20:07:49Z,-1.0
2026-03-26T19:41:25Z,-0.8
2026-03-26T19:41:05Z,-0.75
2026-03-26T19:08:34Z,-0.9
2026-03-26T18:58:29Z,-0.9
2026-03-26T18:52:16Z,0.5
2026-03-26T18:30:00Z,0.7
2026-03-26T18:28:57Z,-1.0
2026-03-26T18:18:03Z,-0.8
2026-03-26T18:12:14Z,-0.7
2026-03-26T18:05:00Z,-0.8
2026-03-26T18:00:04Z,-0.4
2026-03-26T17:55:02Z,-0.2
2026-03-26T17:00:00Z,-1.0
2026-03-26T16:32:15Z,-0.5
2026-03-26T16:30:28Z,-0.6
2026-03-26T16:25:28Z,0.0
2026-03-26T16:16:43Z,-1.0
2026-03-26T16:11:45Z,-0.9
2026-03-26T16:00:00Z,-0.98
2026-03-26T15:54:26Z,-0.25
2026-03-26T15:41:31Z,0.75
2026-03-26T15:00:00Z,0.9
2026-03-26T15:00:00Z,0.45
2026-03-26T14:54:41Z,-0.85
2026-03-26T14:43:49Z,-0.67
2026-03-26T14:40:58Z,0.55
2026-03-26T14:39:37Z,0.0
2026-03-26T14:38:25Z,-0.45
2026-03-26T14:36:00Z,0.25
2026-03-26T14:30:00Z,0.98
2026-03-26T14:00:11Z,-0.58
2026-03-27T22:30:01Z,-0.85
2026-03-27T22:06:38Z,-0.9
2026-03-27T20:58:21Z,-0.9
2026-03-27T20:36:09Z,0.5
2026-03-27T20:16:31Z,-0.7
2026-03-27T20:14:07Z,0.4
2026-03-27T20:06:19Z,-1.0
2026-03-27T20:01:45Z,-0.6
2026-03-27T20:00:00Z,0.7
2026-03-27T19:52:40Z,-1.0
2026-03-27T19:42:50Z,-0.2
2026-03-27T19:38:25Z,0.2
2026-03-27T18:42:50Z,-0.8
2026-03-27T18:42:07Z,-0.5
2026-03-27T18:23:21Z,-0.4
2026-03-27T17:53:21Z,-1.0
2026-03-27T17:10:40Z,-0.3
2026-03-27T17:09:00Z,-0.5
2026-03-27T17:05:41Z,0.6
2026-03-27T17:05:41Z,0.6
2026-03-27T16:59:52Z,-0.6
2026-03-27T16:33:42Z,-0.9
2026-03-27T16:19:53Z,-0.8
2026-03-27T16:16:50Z,0.0
2026-03-27T16:11:43Z,-0.7
2026-03-27T15:35:19Z,0.0
2026-03-27T15:32:23Z,-0.7
2026-03-27T15:00:00Z,-0.8
2026-03-27T14:58:23Z,-0.5
2026-03-27T14:31:37Z,-0.9
2026-03-27T14:16:42Z,-0.8
2026-03-27T14:14:29Z,-0.7
2026-03-27T14:09:55Z,-0.8
2026-03-27T14:07:36Z,0.8
2026-03-27T14:05:39Z,0.9
2026-03-27T13:50:03Z,-0.9
2026-03-27T13:36:06Z,-0.8
2026-03-27T13:33:11Z,-0.9
2026-03-27T13:27:26Z,0.4
2026-03-27T13:10:57Z,-0.95
2026-03-27T12:54:29Z,0.0
2026-03-27T12:54:08Z,-0.65
2026-03-27T12:40:04Z,-0.7
2026-03-27T12:32:40Z,-0.9
2026-03-27T12:30:00Z,-0.95
2026-03-27T12:14:07Z,-0.85
2026-02-28T23:32:09Z,-0.95
2026-02-28T23:32:00Z,-0.8
2026-02-28T23:19:08Z,-0.9
2026-02-28T23:01:25Z,0.1
2026-02-28T22:59:33Z,-0.7
2026-02-28T22:15:17Z,0.7
2026-02-28T21:51:38Z,-0.9
2026-02-28T21:37:00Z,0.6
2026-02-28T21:26:28Z,-0.9
2026-02-28T21:23:59Z,0.6
2026-02-28T21:00:44Z,-0.9
2026-02-28T20:32:41Z,-0.8
2026-02-28T20:21:34Z,-0.7
2026-02-28T20:13:55Z,0.1
2026-02-28T19:54:40Z,-0.8
2026-02-28T19:43:00Z,-0.9
2026-02-28T19:36:46Z,-0.8
2026-02-28T19:35:12Z,-0.4
2026-02-28T18:55:37Z,-0.9
2026-02-28T18:52:35Z,-0.7
2026-02-28T18:52:31Z,-0.5
2026-02-28T18:47:57Z,-0.6
2026-02-28T18:44:02Z,-0.5
2026-02-28T18:01:54Z,0.0
2026-02-28T17:55:19Z,0.0
2026-02-28T17:54:47Z,0.0
2026-02-28T17:54:33Z,0.0
2026-02-28T17:51:42Z,-0.8
2026-02-28T17:49:15Z,-0.8
2026-02-28T17:47:10Z,-0.9
2026-02-28T17:45:00Z,0.0
2026-02-28T17:39:33Z,-0.7
2026-02-28T17:35:44Z,0.1
2026-02-28T17:17:36Z,0.65
2026-02-28T17:12:55Z,0.0
2026-02-28T17:07:47Z,-0.55
2026-02-28T17:05:31Z,-0.6
2026-02-28T16:59:00Z,0.0
2026-03-01T23:56:48Z,-0.6
2026-03-01T23:40:17Z,-0.8
2026-03-01T23:35:06Z,-0.85
2026-03-01T23:16:34Z,-0.6
2026-03-01T23:15:25Z,-0.5
2026-03-01T23:00:28Z,-0.7
2026-03-01T23:00:13Z,-0.55
2026-03-01T22:42:59Z,-0.75
2026-03-01T21:40:17Z,-0.25
2026-03-01T21:34:49Z,0.85
2026-03-01T21:29:19Z,0.85
2026-03-01T21:27:19Z,0.85
2026-03-01T21:26:11Z,-0.95
2026-03-01T21:00:33Z,0.1
2026-03-01T20:55:55Z,-0.95
2026-03-01T20:55:17Z,-0.45
2026-03-01T20:55:17Z,-0.95
2026-03-01T20:05:28Z,0.8
2026-03-01T19:53:52Z,-0.85
2026-03-01T19:52:15Z,-0.85
2026-03-01T19:51:44Z,-0.6
2026-03-01T19:51:09Z,-0.95
2026-03-01T19:50:59Z,-0.95
2026-03-01T19:39:42Z,-0.8
2026-03-01T19:35:17Z,-0.6
2026-03-01T19:13:12Z,0.0
2026-03-01T19:00:58Z,0.0
2026-03-01T18:42:00Z,0.0
2026-03-01T18:39:33Z,-0.3
2026-03-01T18:33:05Z,-0.9
2026-03-01T18:21:12Z,-0.7
2026-03-01T18:05:16Z,-0.4
2026-03-01T17:54:33Z,-0.5
2026-03-01T17:51:49Z,-0.8
2026-03-01T17:15:00Z,-0.7
2026-03-01T17:12:00Z,-0.6
2026-03-02T23:59:06Z,-0.8
2026-03-02T23:02:07Z,-0.9
2026-03-02T23:00:00Z,-0.93
2026-03-02T23:00:00Z,-0.85
2026-03-02T23:00:00Z,0.4
2026-03-02T22:55:49Z,0.7
2026-03-02T22:44:03Z,0.8
2026-03-02T22:24:18Z,0.3
2026-03-02T22:16:16Z,-0.75
2026-03-02T22:10:00Z,-0.65
2026-03-02T21:57:08Z,0.2
2026-03-02T21:35:46Z,-0.9
2026-03-02T21:33:20Z,-0.6
2026-03-02T21:30:32Z,0.1
2026-03-02T21:23:00Z,0.1
2026-03-02T21:21:05Z,0.4
2026-03-02T21:17:46Z,-0.8
2026-03-02T21:15:50Z,-0.8
2026-03-02T21:13:54Z,-0.5
2026-03-02T21:13:05Z,-0.6
2026-03-02T21:08:32Z,-0.4
2026-03-02T19:36:00Z,0.2
2026-03-02T19:33:18Z,-0.7
2026-03-02T18:50:17Z,-0.9
2026-03-02T18:36:08Z,0.1
2026-03-02T18:34:25Z,-0.8
2026-03-02T18:30:58Z,-0.9
2026-03-02T18:30:08Z,-0.8
2026-03-02T18:30:05Z,-0.7
2026-03-02T18:11:55Z,-0.8
2026-03-02T18:02:38Z,-0.5
2026-03-02T18:00:00Z,-0.9
2026-03-02T17:52:30Z,-0.8
2026-03-03T23:59:31Z,0.75
2026-03-03T23:10:30Z,0.9
2026-03-03T23:00:00Z,-0.9
2026-03-03T22:57:30Z,0.6
2026-03-03T22:40:00Z,0.7
2026-03-03T22:05:11Z,-0.8
2026-03-03T21:35:30Z,0.3
2026-03-03T21:34:18Z,-0.8
2026-03-03T20:57:24Z,-0.85
2026-03-03T20:56:43Z,0.2
2026-03-03T20:44:21Z,-0.9
2026-03-03T20:36:07Z,-0.85
2026-03-03T20:22:01Z,-0.8
2026-03-03T20:17:30Z,-0.75
2026-03-03T20:12:40Z,-0.9
2026-03-03T20:04:12Z,0.8
2026-03-03T19:55:02Z,0.85
2026-03-03T19:38:16Z,-0.95
2026-03-03T19:30:00Z,-0.85
2026-03-03T19:26:55Z,-0.55
2026-03-03T19:24:55Z,-0.8
2026-03-03T19:17:08Z,-0.4
2026-03-03T19:16:10Z,-0.2
2026-03-03T19:16:10Z,-0.2
2026-03-03T19:15:12Z,-0.8
2026-03-03T18:55:49Z,-0.7
2026-03-03T18:40:30Z,0.4
2026-03-03T18:34:45Z,-0.8
2026-03-03T18:33:48Z,-0.2
2026-03-03T18:26:41Z,-0.9
2026-03-03T18:25:43Z,0.35
2026-03-03T18:18:33Z,0.85
2026-03-03T18:00:55Z,-0.65
2026-03-04T23:50:07Z,-1.0
2026-03-04T23:23:40Z,-1.0
2026-03-04T23:00:00Z,-0.85
2026-03-04T22:37:59Z,-0.75
2026-03-04T22:26:19Z,-0.2
2026-03-04T22:12:28Z,-0.9
2026-03-04T21:30:51Z,-0.95
2026-03-04T21:14:57Z,-1.0
2026-03-04T21:09:02Z,-0.2
2026-03-04T21:07:50Z,0.75
2026-03-04T20:24:32Z,0.2
2026-03-04T20:21:29Z,-0.8
2026-03-04T20:19:52Z,-0.3
2026-03-04T19:08:46Z,-0.85
2026-03-04T19:00:00Z,0.7
2026-03-04T18:39:16Z,-0.05
2026-03-04T18:00:02Z,0.2
2026-03-04T18:00:00Z,-0.65
2026-03-04T17:30:18Z,0.8
2026-03-04T17:28:39Z,0.2
2026-03-04T17:23:52Z,-0.75
2026-03-04T17:10:00Z,-0.3
2026-03-04T16:58:46Z,-0.1
2026-03-04T16:50:49Z,-0.4
2026-03-04T16:46:01Z,-0.9
2026-03-04T16:39:13Z,-0.85
2026-03-04T16:21:00Z,-0.85
2026-03-04T15:51:40Z,-0.5
2026-03-05T23:07:15Z,0.6
2026-03-05T23:06:50Z,-0.9
2026-03-05T22:41:01Z,-0.3
2026-03-05T22:28:33Z,0.0
2026-03-05T22:18:52Z,0.0
2026-03-05T21:53:45Z,0.8
2026-03-05T21:49:02Z,-0.6
2026-03-05T21:48:35Z,-0.6
2026-03-05T21:32:19Z,0.0
2026-03-05T21:31:45Z,-0.95
2026-03-05T20:34:06Z,-0.3
2026-03-05T20:00:26Z,-0.2
2026-03-05T19:55:12Z,-0.8
2026-03-05T19:49:29Z,-0.75
2026-03-05T19:47:18Z,0.0
2026-03-05T19:22:40Z,0.0
2026-03-05T19:00:00Z,-0.5
2026-03-05T19:00:00Z,0.0
2026-03-05T18:49:07Z,-0.9
2026-03-05T18:42:58Z,-0.7
2026-03-05T18:40:22Z,-0.8
2026-03-05T18:27:37Z,-0.9
2026-03-05T18:24:00Z,-0.95
2026-03-05T18:15:17Z,-0.85
2026-03-05T18:12:29Z,-0.95
2026-03-05T18:09:37Z,-0.9
2026-03-05T17:46:37Z,0.0
2026-03-05T17:34:39Z,0.1
2026-03-05T17:27:52Z,-0.87
2026-03-05T17:18:52Z,0.45
2026-03-05T17:13:06Z,0.83
2026-03-05T17:11:06Z,-1.0
2026-03-05T17:06:31Z,0.53
2026-03-05T16:58:47Z,-1.0
2026-03-06T23:46:00Z,-0.95
2026-03-06T23:23:31Z,0.0
2026-03-06T23:00:16Z,0.5
2026-03-06T22:45:00Z,-1.0
2026-03-06T22:40:47Z,-0.85
2026-03-06T21:40:45Z,0.33
2026-03-06T20:34:00Z,-0.9
2026-03-06T20:29:26Z,-1.0
2026-03-06T20:20:19Z,-0.78
2026-03-06T20:09:42Z,-0.75
2026-03-06T19:43:30Z,-0.6
2026-03-06T19:42:00Z,0.85
2026-03-06T19:06:45Z,0.6
2026-03-06T19:02:29Z,-0.9
2026-03-06T19:00:41Z,0.1
2026-03-06T19:00:03Z,-0.3
2026-03-06T18:59:52Z,0.6
2026-03-06T18:54:21Z,-0.4
2026-03-06T18:49:24Z,-0.6
2026-03-06T18:48:38Z,0.5
2026-03-06T18:44:25Z,-0.7
2026-03-06T18:31:46Z,-0.8
2026-03-06T18:31:46Z,-0.8
2026-03-06T18:30:00Z,0.1
2026-03-06T18:27:28Z,-0.65
2026-03-06T18:00:00Z,-0.2
2026-03-06T17:56:00Z,-0.55
2026-03-06T17:33:00Z,0.7
2026-03-07T22:29:11Z,0.4
2026-03-07T21:31:12Z,-0.85
2026-03-07T20:33:59Z,-0.35
2026-03-07T20:29:31Z,0.1
2026-03-07T20:20:00Z,-0.95
2026-03-07T20:18:59Z,-0.8
2026-03-07T19:58:03Z,-0.7
2026-03-07T17:06:45Z,-0.85
2026-03-07T16:45:00Z,-0.55
2026-03-07T16:01:39Z,-0.95
2026-03-07T16:00:00Z,0.0
2026-03-07T13:05:09Z,-0.83
2026-03-07T13:00:47Z,0.2
2026-03-07T11:30:00Z,0.0
2026-03-07T11:00:00Z,-1.0
2026-03-07T10:40:00Z,0.7
2026-03-07T10:34:57Z,-0.95
2026-03-07T09:44:22Z,0.4
2026-03-07T09:28:16Z,-1.0
2026-03-07T09:13:05Z,0.0
2026-03-07T08:48:34Z,-1.0
2026-03-07T08:30:07Z,0.0
2026-03-07T08:05:00Z,-0.85
2026-03-07T07:49:47Z,-0.78
2026-03-07T07:35:11Z,-0.85
2026-03-07T07:30:44Z,0.25
2026-03-07T07:30:44Z,-0.8
2026-03-07T06:59:51Z,0.3
2026-03-07T06:58:05Z,0.55
2026-03-08T23:55:25Z,0.1
2026-03-08T23:47:19Z,-0.85
2026-03-08T23:33:53Z,-0.95
2026-03-08T23:27:01Z,0.75
2026-03-08T23:26:50Z,-0.9
2026-03-08T23:16:06Z,-0.8
2026-03-08T22:39:11Z,-0.65
2026-03-08T22:39:11Z,-0.7
2026-03-08T22:19:23Z,-0.85
2026-03-08T22:19:22Z,-0.8
2026-03-08T21:33:37Z,0.0
2026-03-08T21:33:28Z,-0.1
2026-03-08T21:28:00Z,-0.25
2026-03-08T21:25:48Z,-0.85
2026-03-08T21:23:10Z,-0.6
2026-03-08T21:00:00Z,-0.8
2026-03-08T21:00:00Z,-0.2
2026-03-08T19:06:20Z,0.45
2026-03-08T18:35:45Z,0.15
2026-03-08T18:09:47Z,-0.7
2026-03-08T18:09:47Z,-0.75
2026-03-08T18:09:47Z,-0.7
2026-03-08T18:09:47Z,-0.85
2026-03-08T17:42:46Z,-0.2
2026-03-08T17:29:19Z,0.05
2026-03-08T17:18:05Z,-0.95
2026-03-08T17:17:00Z,-0.7
2026-03-08T17:16:15Z,-0.75
2026-03-08T17:07:12Z,0.0
2026-03-08T16:42:03Z,0.6
2026-03-08T16:39:17Z,0.8
2026-03-08T16:22:24Z,-0.9
2026-03-08T16:10:08Z,0.2
2026-03-08T16:05:46Z,0.8
2026-03-09T23:44:44Z,0.6
2026-03-09T23:37:49Z,0.0
2026-03-09T23:28:00Z,-0.2
2026-03-09T22:42:55Z,-0.8
2026-03-09T22:34:06Z,0.6
2026-03-09T22:27:41Z,0.9
2026-03-09T22:23:32Z,-0.1
2026-03-09T22:22:37Z,0.5
2026-03-09T22:21:00Z,-0.9
2026-03-09T22:20:23Z,0.8
2026-03-09T22:00:49Z,0.6
2026-03-09T21:44:08Z,-0.8
2026-03-09T21:43:48Z,-0.7
2026-03-09T21:42:58Z,-0.6
2026-03-09T21:41:35Z,0.4
2026-03-09T21:37:21Z,0.1
2026-03-09T21:19:08Z,-0.6
2026-03-09T21:15:54Z,-0.8
2026-03-09T21:00:00Z,-0.7
2026-03-09T20:52:29Z,0.1
2026-03-09T20:42:11Z,0.2
2026-03-09T20:38:45Z,-0.9
2026-03-09T20:30:37Z,0.0
2026-03-09T20:30:06Z,-0.8
2026-03-09T20:20:56Z,0.1
2026-03-09T19:48:29Z,0.4
2026-03-09T19:46:06Z,-0.9
2026-03-09T19:28:54Z,0.45
2026-03-09T19:27:58Z,-0.75
2026-03-09T19:26:06Z,-0.95
2026-03-10T23:52:39Z,-0.8
2026-03-10T23:40:59Z,0.3
2026-03-10T23:25:00Z,-1.0
2026-03-10T23:13:36Z,0.05
2026-03-10T23:00:00Z,-0.5
2026-03-10T22:37:00Z,-0.9
2026-03-10T22:30:29Z,-0.95
2026-03-10T22:25:49Z,-0.85
2026-03-10T22:25:06Z,-0.92
2026-03-10T21:35:24Z,-0.2
2026-03-10T21:24:59Z,0.1
2026-03-10T21:22:22Z,-0.6
2026-03-10T21:10:41Z,-0.9
2026-03-10T20:55:50Z,-0.45
2026-03-10T20:47:17Z,-0.78
2026-03-10T20:35:40Z,-0.65
2026-03-10T20:35:36Z,-0.95
2026-03-10T20:01:13Z,-0.83
2026-03-10T19:56:22Z,-0.58
2026-03-10T19:45:20Z,-0.73
2026-03-10T18:57:02Z,-0.21
2026-03-10T18:51:04Z,-0.82
2026-03-10T18:22:21Z,-0.96
2026-03-10T18:19:39Z,-0.85
2026-03-10T18:17:26Z,0.2
2026-03-10T18:13:06Z,0.65
2026-03-10T18:12:32Z,-0.7
2026-03-10T18:06:27Z,0.05
2026-03-11T23:55:08Z,-0.8
2026-03-11T23:38:34Z,-0.9
2026-03-11T23:31:00Z,-0.6
2026-03-11T23:24:51Z,0.75
2026-03-11T23:24:00Z,-0.9
2026-03-11T23:15:19Z,-0.8
2026-03-11T22:55:58Z,-0.95
2026-03-11T22:46:06Z,0.1
2026-03-11T22:31:23Z,-0.8
2026-03-11T22:26:15Z,-0.85
2026-03-11T22:00:00Z,-0.85
2026-03-11T22:00:00Z,-0.25
2026-03-11T22:00:00Z,0.55
2026-03-11T21:59:00Z,-0.6
2026-03-11T21:40:22Z,-0.8
2026-03-11T21:34:33Z,-0.7
2026-03-11T21:34:21Z,-0.9
2026-03-11T21:27:41Z,0.05
2026-03-11T21:25:00Z,-0.75
2026-03-11T21:01:00Z,0.3
2026-03-11T21:00:00Z,-0.95
2026-03-11T20:55:15Z,-0.45
2026-03-11T20:42:00Z,-0.5
2026-03-11T20:39:31Z,-0.85
2026-03-11T20:33:33Z,0.25
2026-03-11T20:33:29Z,-0.7
2026-03-11T20:17:49Z,0.2
2026-03-11T20:14:21Z,0.4
2026-03-11T20:00:47Z,0.0
2026-03-11T19:44:58Z,0.4
2026-03-11T19:44:49Z,-0.75
2026-03-11T19:44:40Z,-0.5
2026-03-11T19:37:03Z,-0.2
2026-03-11T19:26:20Z,0.4
2026-03-11T19:19:37Z,-0.3
2026-03-11T19:19:00Z,-0.8
2026-03-11T19:17:38Z,0.2
2026-03-11T19:15:51Z,-0.1
2026-03-12T23:53:02Z,-0.5
2026-03-12T23:48:08Z,0.4
2026-03-12T23:19:56Z,-0.55
2026-03-12T22:53:56Z,-0.8
2026-03-12T22:53:04Z,-0.7
2026-03-12T22:16:41Z,-0.6
2026-03-12T22:01:00Z,0.6
2026-03-12T22:01:00Z,-0.9
2026-03-12T21:40:58Z,-0.7
2026-03-12T21:35:29Z,-0.8
2026-03-12T21:34:06Z,0.9
2026-03-12T21:20:30Z,-0.9
2026-03-12T21:00:00Z,0.8
2026-03-12T20:59:19Z,-0.25
2026-03-12T20:50:48Z,-0.95
2026-03-12T20:41:00Z,-0.95
2026-03-12T20:39:37Z,0.8
2026-03-12T20:37:59Z,-0.5
2026-03-12T20:33:07Z,0.3
2026-03-12T20:28:22Z,-0.6
2026-03-12T20:23:05Z,-0.8
2026-03-12T20:16:38Z,0.2
2026-03-12T20:14:20Z,-0.9
2026-03-12T20:05:39Z,0.1
2026-03-12T19:50:51Z,-0.7
2026-03-12T19:31:34Z,-0.4
2026-03-12T19:30:02Z,0.8
2026-03-12T19:21:38Z,-0.6
2026-03-12T19:19:04Z,-0.3
2026-03-12T19:15:15Z,-0.7
2026-03-12T19:05:48Z,-0.9
2026-03-12T19:05:32Z,-0.4
2026-03-12T19:02:41Z,-0.8
2026-03-12T18:51:10Z,-0.4
2026-03-12T18:48:13Z,-0.9
2026-03-12T18:36:20Z,-0.2
2026-03-12T18:36:07Z,-0.7
2026-03-12T18:34:46Z,-0.9
2026-03-12T18:31:25Z,0.8
2026-03-12T18:18:16Z,-0.2
2026-03-12T18:17:00Z,-0.9
2026-03-12T18:16:08Z,-1.0
2026-03-12T18:15:49Z,-0.7
2026-03-13T23:20:23Z,-0.9
2026-03-13T23:13:16Z,0.3
2026-03-13T22:51:11Z,-0.9
2026-03-13T22:46:28Z,-0.6
2026-03-13T22:30:27Z,0.0
2026-03-13T22:16:00Z,0.0
2026-03-13T21:39:54Z,0.0
2026-03-13T21:28:00Z,0.0
2026-03-13T21:12:18Z,0.0
2026-03-13T21:07:30Z,0.0
2026-03-13T21:00:19Z,0.0
2026-03-13T20:48:30Z,0.0
2026-03-13T20:36:00Z,0.0
2026-03-13T20:27:21Z,0.0
2026-03-13T19:56:38Z,0.0
2026-03-13T19:44:00Z,0.0
2026-03-13T19:39:00Z,0.0
2026-03-13T19:35:38Z,0.0
2026-03-13T19:18:20Z,0.0
2026-03-13T19:10:47Z,-0.9
2026-03-13T19:06:38Z,-0.7
2026-03-13T18:21:15Z,-0.8
2026-03-13T18:00:00Z,0.55
2026-03-13T17:51:16Z,-0.95
2026-03-13T17:47:40Z,-0.75
2026-03-13T17:39:40Z,-0.4
2026-03-13T17:29:59Z,-0.35
2026-03-13T17:27:24Z,-0.5
2026-03-13T17:27:06Z,-0.3
2026-03-13T17:22:00Z,0.5
2026-03-13T17:20:03Z,-0.8
2026-03-13T17:09:54Z,-0.4
2026-03-13T17:08:22Z,-0.9
2026-03-13T17:03:22Z,0.2
2026-03-13T17:01:07Z,-0.9
2026-03-13T16:53:15Z,-0.9
2026-03-13T16:31:28Z,0.1
2026-03-14T23:12:05Z,-0.8
2026-03-14T22:56:08Z,-0.85
2026-03-14T22:21:52Z,-0.8
2026-03-14T22:01:30Z,-0.75
2026-03-14T21:46:35Z,-0.85
2026-03-14T21:38:07Z,-0.9
2026-03-14T21:31:10Z,0.2
2026-03-14T21:25:17Z,-0.8
2026-03-14T21:18:23Z,-0.85
2026-03-14T21:18:00Z,-0.9
2026-03-14T20:58:47Z,-0.8
2026-03-14T20:46:00Z,-0.9
2026-03-14T20:11:40Z,-0.8
2026-03-14T20:08:09Z,-0.4
2026-03-14T19:58:59Z,0.6
2026-03-14T19:43:19Z,0.0
2026-03-14T19:40:45Z,-0.7
2026-03-14T19:25:29Z,-1.0
2026-03-14T19:24:31Z,0.1
2026-03-14T19:09:44Z,-1.0
2026-03-14T19:09:06Z,0.0
2026-03-14T19:00:00Z,-0.9
2026-03-14T18:44:08Z,-0.8
2026-03-14T18:15:53Z,-1.0
2026-03-14T18:03:16Z,0.0
2026-03-14T17:35:29Z,0.5
2026-03-14T17:25:25Z,-0.6
2026-03-14T17:22:22Z,-0.8
2026-03-14T17:06:35Z,0.2
2026-03-14T16:59:36Z,-0.6
2026-03-14T16:43:40Z,-0.9
2026-03-14T16:38:32Z,-0.4
2026-03-14T16:10:42Z,-0.8
2026-03-14T16:07:59Z,-0.8
2026-03-14T16:00:00Z,-0.95
2026-03-14T15:35:21Z,0.05
2026-03-14T15:32:53Z,-0.65
2026-03-14T15:31:57Z,-0.9
2026-03-14T15:30:49Z,-0.85
2026-03-15T23:51:12Z,-0.7
2026-03-15T23:40:13Z,-0.45
2026-03-15T23:39:36Z,-0.9
2026-03-15T23:39:31Z,-0.5
2026-03-15T23:34:06Z,-0.8
2026-03-15T23:30:39Z,0.4
2026-03-15T23:18:51Z,0.2
2026-03-15T23:18:31Z,-0.7
2026-03-15T23:00:19Z,-0.3
2026-03-15T23:00:17Z,-0.9
2026-03-15T22:43:56Z,0.8
2026-03-15T22:43:11Z,0.0
2026-03-15T22:41:49Z,-0.6
2026-03-15T22:18:51Z,-0.8
2026-03-15T22:10:29Z,-0.9
2026-03-15T22:07:27Z,-0.8
2026-03-15T21:40:58Z,-0.7
2026-03-15T21:38:00Z,-0.8
2026-03-15T21:27:59Z,-0.8
2026-03-15T21:18:28Z,-0.9
2026-03-15T21:00:55Z,-0.6
2026-03-15T20:29:00Z,-0.5
2026-03-15T20:24:13Z,-0.8
2026-03-15T20:01:32Z,-0.85
2026-03-15T19:53:27Z,-0.7
2026-03-15T19:53:17Z,-0.9
2026-03-15T19:39:02Z,0.6
2026-03-15T19:36:33Z,0.05
2026-03-15T19:30:24Z,0.2
2026-03-15T19:17:46Z,-0.55
2026-03-15T19:14:24Z,-0.9
2026-03-15T19:00:01Z,-0.65
2026-03-15T18:58:34Z,-1.0
2026-03-15T18:53:43Z,-0.8
2026-03-15T18:48:46Z,-0.7
2026-03-15T18:42:16Z,-0.9
2026-03-16T23:43:59Z,-0.1
2026-03-16T23:00:11Z,-0.9
2026-03-16T22:55:07Z,-0.8
2026-03-16T22:53:07Z,-0.9
2026-03-16T22:46:00Z,-0.9
2026-03-16T22:30:47Z,-0.9
2026-03-16T22:26:18Z,-0.5
2026-03-16T22:25:55Z,-0.6
2026-03-16T21:59:22Z,-0.8
2026-03-16T21:53:26Z,-0.6
2026-03-16T21:43:46Z,0.0
2026-03-16T21:38:51Z,-0.8
2026-03-16T21:33:54Z,-0.7
2026-03-16T21:28:33Z,-0.8
2026-03-16T21:08:22Z,0.1
2026-03-16T21:00:54Z,-0.9
2026-03-16T21:00:00Z,0.0
2026-03-16T20:56:14Z,0.0
2026-03-16T20:54:03Z,0.0
2026-03-16T20:41:10Z,-0.9
2026-03-16T20:40:57Z,0.7
2026-03-16T20:31:13Z,0.0
2026-03-16T20:00:00Z,-0.6
2026-03-16T19:59:04Z,-0.5
2026-03-16T19:58:38Z,-0.8
2026-03-16T19:45:00Z,-0.4
2026-03-16T19:45:00Z,-0.6
2026-03-16T19:44:10Z,-0.3
2026-03-16T19:41:29Z,-0.7
2026-03-16T19:38:18Z,0.0
2026-03-16T19:34:29Z,-0.8
2026-03-16T19:33:49Z,-0.4
2026-03-16T19:22:34Z,-1.0
2026-03-16T19:00:00Z,-0.9
2026-03-16T18:53:32Z,-0.5
2026-03-16T18:40:24Z,-0.9
2026-03-16T18:40:00Z,-1.0
2026-03-16T18:13:21Z,-0.7
2026-03-16T18:06:25Z,-1.0
2026-03-17T23:32:58Z,-0.8
2026-03-17T23:13:19Z,0.1
2026-03-17T23:11:31Z,-0.7
2026-03-17T23:05:42Z,-0.25
2026-03-17T22:53:11Z,-0.4
2026-03-17T22:21:49Z,-0.9
2026-03-17T22:16:40Z,0.0
2026-03-17T22:14:16Z,-0.4
2026-03-17T22:12:31Z,-0.9
2026-03-17T22:05:12Z,-0.75
2026-03-17T21:44:43Z,-0.7
2026-03-17T21:37:10Z,-0.8
2026-03-17T21:36:03Z,-0.9
2026-03-17T21:33:42Z,-0.4
2026-03-17T21:19:14Z,0.5
2026-03-17T21:17:56Z,0.1
2026-03-17T21:09:24Z,-0.75
2026-03-17T21:05:00Z,-0.8
2026-03-17T21:00:00Z,-0.8
2026-03-17T20:58:14Z,-0.9
2026-03-17T20:57:08Z,-0.7
2026-03-17T20:55:20Z,0.0
2026-03-17T20:47:35Z,-0.7
2026-03-17T20:46:42Z,-0.9
2026-03-17T20:35:00Z,0.0
2026-03-17T20:21:47Z,-0.5
2026-03-17T20:17:31Z,-0.2
2026-03-17T20:09:19Z,-0.6
2026-03-17T20:08:44Z,0.0
2026-03-17T20:01:57Z,0.0
2026-03-17T19:45:26Z,-0.75
2026-03-17T19:42:56Z,0.1
2026-03-17T19:35:05Z,0.0
2026-03-17T19:34:55Z,-0.4
2026-03-17T19:34:18Z,-0.1
2026-03-17T19:31:22Z,0.3
2026-03-17T19:01:06Z,-0.6
2026-03-18T23:29:07Z,-0.8
2026-03-18T23:22:42Z,-0.9
2026-03-18T23:17:49Z,-0.9
2026-03-18T23:10:17Z,-0.7
2026-03-18T23:03:06Z,-0.8
2026-03-18T22:20:52Z,-0.7
2026-03-18T21:52:47Z,-0.9
2026-03-18T21:51:25Z,-0.6
2026-03-18T21:46:19Z,0.1
2026-03-18T21:30:06Z,-0.7
2026-03-18T21:22:30Z,0.3
2026-03-18T21:21:42Z,-0.8
2026-03-18T21:19:23Z,0.0
2026-03-18T21:16:03Z,0.6
2026-03-18T21:00:00Z,0.0
2026-03-18T20:52:44Z,-0.9
2026-03-18T20:52:13Z,0.0
2026-03-18T20:46:22Z,-0.7
2026-03-18T20:40:08Z,-0.7
2026-03-18T20:34:19Z,0.0
2026-03-18T20:30:00Z,0.4
2026-03-18T20:29:55Z,-0.3
2026-03-18T20:27:25Z,-0.5
2026-03-18T20:18:50Z,0.3
2026-03-18T20:13:31Z,-0.2
2026-03-18T20:11:44Z,0.1
2026-03-18T20:03:17Z,-0.5
2026-03-18T20:00:00Z,0.1
2026-03-18T19:47:43Z,0.35
2026-03-18T19:46:28Z,-0.8
2026-03-18T19:44:34Z,-0.3
2026-03-18T19:29:49Z,-0.9
2026-03-18T19:15:46Z,-1.0
2026-03-18T19:11:30Z,-0.2
2026-03-18T19:06:25Z,0.7
2026-03-18T18:28:50Z,-0.6
2026-03-18T18:21:23Z,-0.4
2026-03-18T18:17:14Z,-0.9
2026-03-19T23:58:54Z,-0.8
2026-03-19T23:27:29Z,0.3
2026-03-19T23:26:00Z,-0.9
2026-03-19T23:25:40Z,-0.8
2026-03-19T23:24:25Z,-1.0
2026-03-19T23:12:48Z,-0.7
2026-03-19T22:15:00Z,-0.9
2026-03-19T22:00:00Z,-1.0
2026-03-19T21:59:00Z,-1.0
2026-03-19T21:51:53Z,-1.0
2026-03-19T21:46:19Z,-0.2
2026-03-19T21:33:51Z,-1.0
2026-03-19T21:28:39Z,-0.8
2026-03-19T21:14:36Z,-0.7
2026-03-19T21:10:56Z,-1.0
2026-03-19T21:01:45Z,-0.8
2026-03-19T20:50:27Z,-1.0
2026-03-19T20:22:00Z,-0.6
2026-03-19T20:19:52Z,-0.9
2026-03-19T20:06:02Z,0.7
2026-03-19T20:05:21Z,-0.8
2026-03-19T20:02:35Z,-0.6
2026-03-19T20:02:15Z,-0.95
2026-03-19T20:00:00Z,-0.7
2026-03-19T19:59:14Z,0.4
2026-03-19T19:38:36Z,-0.85
2026-03-19T19:37:45Z,-0.5
2026-03-19T19:32:29Z,-0.8
2026-03-19T19:27:26Z,-0.95
2026-03-19T19:25:00Z,-0.7
2026-03-19T19:24:00Z,-0.85
2026-03-19T19:21:42Z,-0.6
2026-03-20T23:56:00Z,-0.7
2026-03-20T23:45:00Z,-1.0
2026-03-20T23:44:30Z,0.0
2026-03-20T23:38:20Z,0.6
2026-03-20T23:32:40Z,0.4
2026-03-20T23:15:38Z,-1.0
2026-03-20T23:00:41Z,-1.0
2026-03-20T22:56:55Z,-1.0
2026-03-20T22:46:05Z,-1.0
2026-03-20T22:26:44Z,0.5
2026-03-20T21:43:07Z,0.0
2026-03-20T21:25:29Z,-0.5
2026-03-20T21:24:22Z,0.0
2026-03-20T21:16:40Z,-0.75
2026-03-20T21:07:57Z,-1.0
2026-03-20T21:04:06Z,0.0
2026-03-20T21:02:15Z,-0.2
2026-03-20T20:56:56Z,-0.85
2026-03-20T20:49:11Z,-0.25
2026-03-20T20:29:07Z,0.5
2026-03-20T20:25:13Z,-0.7
2026-03-20T20:23:14Z,-0.85
2026-03-20T20:16:26Z,-0.95
2026-03-20T20:11:24Z,-0.45
2026-03-20T20:00:42Z,-0.25
2026-03-20T19:57:54Z,0.8
2026-03-20T19:33:17Z,-0.6
2026-03-20T19:28:33Z,-0.65
2026-03-20T19:26:13Z,-0.85
2026-03-20T19:23:01Z,-0.35
2026-03-20T19:21:09Z,-0.8
2026-03-20T19:20:23Z,-0.45
2026-03-20T19:19:46Z,-1.0
2026-03-20T19:00:12Z,-0.65
2026-03-20T18:59:40Z,-0.65
2026-03-20T18:53:38Z,-1.0
2026-03-20T18:50:59Z,-0.1
2026-03-20T18:43:10Z,-0.95
2026-03-20T18:41:55Z,-0.1
2026-03-20T18:35:23Z,-0.2
2026-03-20T18:32:47Z,-1.0
2026-03-20T18:11:32Z,-0.75
2026-03-20T18:07:29Z,-0.5
2026-03-21T23:48:13Z,0.75
2026-03-21T23:34:42Z,0.8
2026-03-21T23:01:51Z,0.9
2026-03-21T22:57:49Z,-0.9
2026-03-21T22:53:40Z,-1.0
2026-03-21T22:13:01Z,0.2
2026-03-21T22:07:28Z,0.8
2026-03-21T22:00:00Z,-0.9
2026-03-21T21:15:02Z,-1.0
2026-03-21T21:14:55Z,-1.0
2026-03-21T20:52:37Z,0.1
2026-03-21T20:45:59Z,-0.7
2026-03-21T20:38:22Z,0.4
2026-03-21T20:34:51Z,-1.0
2026-03-21T20:34:51Z,-1.0
2026-03-21T20:15:00Z,0.6
2026-03-21T19:39:45Z,-1.0
2026-03-21T19:32:11Z,0.8
2026-03-21T19:14:40Z,-0.75
2026-03-21T18:37:04Z,0.4
2026-03-21T18:24:40Z,-0.8
2026-03-21T17:37:55Z,-0.9
2026-03-21T16:39:08Z,0.35
2026-03-21T16:36:56Z,-0.8
2026-03-21T16:11:41Z,0.9
2026-03-21T16:10:06Z,0.85
2026-03-21T15:45:54Z,0.3
2026-03-21T15:08:48Z,0.4
2026-03-21T15:05:45Z,-0.85
2026-03-21T14:34:12Z,-0.7
2026-03-21T14:26:19Z,-0.1
2026-03-21T14:23:55Z,-0.7
2026-03-21T14:19:45Z,-0.6
2026-03-21T14:15:00Z,-0.65
2026-03-21T14:05:00Z,0.4
2026-03-21T13:50:18Z,-0.8
2026-03-21T13:49:56Z,-0.7
2026-03-21T13:48:36Z,-0.6
2026-03-21T13:36:14Z,-1.0
2026-03-21T13:30:18Z,-0.5
2026-03-22T23:45:26Z,-0.9
2026-03-22T23:26:15Z,-0.7
2026-03-22T23:13:21Z,-0.45
2026-03-22T23:12:00Z,-0.3
2026-03-22T22:47:00Z,-0.6
2026-03-22T22:44:22Z,-0.1
2026-03-22T22:35:25Z,-0.9
2026-03-22T22:35:00Z,-0.95
2026-03-22T22:12:01Z,-0.65
2026-03-22T22:00:00Z,0.45
2026-03-22T21:48:38Z,-0.8
2026-03-22T21:26:28Z,-0.85
2026-03-22T20:30:40Z,-0.75
2026-03-22T19:53:07Z,-0.85
2026-03-22T19:47:51Z,-0.5
2026-03-22T19:47:09Z,-0.9
2026-03-22T19:37:29Z,-0.95
2026-03-22T19:30:04Z,0.1
2026-03-22T19:29:53Z,0.4
2026-03-22T19:26:19Z,0.6
2026-03-22T19:21:10Z,-0.95
2026-03-22T19:12:20Z,0.05
2026-03-22T19:09:56Z,-0.7
2026-03-22T19:06:45Z,-0.82
2026-03-22T19:02:57Z,0.17
2026-03-22T19:00:01Z,-0.69
2026-03-22T18:50:08Z,-0.34
2026-03-22T18:46:37Z,-0.96
2026-03-22T18:31:50Z,-0.12
2026-03-22T18:25:00Z,-0.84
2026-03-22T18:04:13Z,-0.95
2026-03-22T18:00:35Z,-0.93
2026-03-22T17:41:40Z,0.0
2026-03-22T17:36:46Z,-0.44
2026-03-22T17:28:36Z,0.0
2026-03-22T17:25:45Z,0.0
2026-03-22T17:11:03Z,-0.99
2026-03-22T17:05:55Z,-0.13
2026-03-22T16:39:32Z,-0.9
2026-03-22T16:32:35Z,0.4
2026-03-22T16:14:24Z,-0.8
2026-03-23T23:32:14Z,0.2
2026-03-23T23:11:54Z,-0.3
2026-03-23T22:59:45Z,-0.5
2026-03-23T22:52:48Z,0.8
2026-03-23T22:50:53Z,-0.9
2026-03-23T22:41:00Z,0.6
2026-03-23T22:26:15Z,0.8
2026-03-23T22:24:22Z,-0.7
2026-03-23T21:59:00Z,-0.4
2026-03-23T21:49:52Z,-0.9
2026-03-23T21:46:00Z,0.5
2026-03-23T21:36:48Z,-0.7
2026-03-23T21:25:42Z,-0.75
2026-03-23T21:25:35Z,0.1
2026-03-23T21:24:43Z,-0.5
2026-03-23T21:21:53Z,0.6
2026-03-23T21:14:44Z,-0.9
2026-03-23T21:04:49Z,-1.0
2026-03-23T20:51:00Z,-1.0
2026-03-23T20:50:16Z,-0.8
2026-03-23T20:37:15Z,-0.3
2026-03-23T20:33:21Z,-0.7
2026-03-23T20:30:00Z,0.35
2026-03-23T20:30:00Z,0.1
2026-03-23T20:30:00Z,0.1
2026-03-23T20:27:20Z,0.25
2026-03-23T20:12:00Z,0.1
2026-03-23T20:09:37Z,-0.6
2026-03-23T20:00:00Z,0.6
2026-03-23T19:52:22Z,-0.9
2026-03-23T19:42:18Z,0.05
2026-03-23T19:23:53Z,-0.8
2026-03-23T19:11:04Z,-0.55
2026-03-23T19:00:33Z,-0.85
2026-03-23T19:00:00Z,-0.7
2026-03-23T18:58:52Z,0.6
2026-03-23T18:51:56Z,0.4
2026-03-23T18:49:20Z,-0.5
2026-03-23T18:43:23Z,-0.65
2026-03-23T18:43:00Z,0.4
2026-03-23T18:32:38Z,-0.45
2026-03-23T18:32:10Z,0.1
2026-03-24T23:36:12Z,-0.35
2026-03-24T23:25:48Z,0.3
2026-03-24T23:25:08Z,-0.7
2026-03-24T22:53:20Z,0.45
2026-03-24T22:31:00Z,-0.25
2026-03-24T22:30:58Z,-0.95
2026-03-24T22:09:05Z,-0.65
2026-03-24T21:57:28Z,-0.5
2026-03-24T21:47:53Z,-0.3
2026-03-24T21:28:51Z,-0.2
2026-03-24T21:25:55Z,-0.85
2026-03-24T21:22:34Z,0.4
2026-03-24T21:15:14Z,-0.6
2026-03-24T21:13:29Z,0.15
2026-03-24T20:49:10Z,-0.5
2026-03-24T20:42:00Z,-0.65
2026-03-24T20:20:10Z,0.4
2026-03-24T20:02:38Z,0.8
2026-03-24T19:34:20Z,-0.55
2026-03-24T19:21:04Z,0.8
2026-03-24T19:21:04Z,0.4
2026-03-24T19:21:04Z,0.8
2026-03-24T19:11:49Z,-0.95
2026-03-24T18:54:27Z,-0.7
2026-03-24T18:46:26Z,-0.45
2026-03-24T18:27:16Z,-0.7
2026-03-24T18:22:49Z,-0.9
2026-03-24T18:22:38Z,-0.65
2026-03-24T18:15:20Z,-0.75
2026-03-24T18:11:00Z,-0.8
2026-03-24T17:32:42Z,-0.8
2026-03-24T17:30:15Z,-0.2
2026-03-24T17:27:20Z,-0.9
2026-03-24T17:26:41Z,0.7
2026-03-24T17:16:55Z,0.4
2026-03-24T17:13:33Z,0.2
2026-03-24T17:00:04Z,-0.4
2026-03-24T16:53:58Z,-0.9
2026-03-24T16:46:08Z,-0.5
2026-03-24T16:27:52Z,0.0
2026-03-24T16:25:01Z,0.5
2026-03-24T16:05:00Z,-0.7
2026-03-24T16:00:00Z,0.6
2026-03-24T15:51:15Z,0.3
2026-03-25T23:55:36Z,-0.6
2026-03-25T23:26:46Z,-0.95
2026-03-25T22:52:10Z,-0.55
2026-03-25T22:40:22Z,-0.3
2026-03-25T22:38:22Z,-0.7
2026-03-25T22:29:55Z,-0.85
2026-03-25T22:08:41Z,-0.95
2026-03-25T22:05:35Z,0.1
2026-03-25T21:49:37Z,-0.65
2026-03-25T21:41:17Z,0.05
2026-03-25T21:36:07Z,-0.8
2026-03-25T21:15:00Z,-0.6
2026-03-25T21:08:09Z,-0.4
2026-03-25T21:00:13Z,-0.3
2026-03-25T20:33:06Z,-0.8
2026-03-25T20:27:04Z,-0.95
2026-03-25T20:20:16Z,-0.4
2026-03-25T20:08:30Z,0.2
2026-03-25T19:57:52Z,0.45
2026-03-25T19:47:08Z,-0.6
2026-03-25T19:43:03Z,-0.75
2026-03-25T19:42:09Z,-0.7
2026-03-25T19:41:34Z,0.2
2026-03-25T19:32:34Z,0.55
2026-03-25T19:27:24Z,0.6
2026-03-25T19:13:36Z,-0.3
2026-03-25T19:08:58Z,0.7
2026-03-25T18:40:00Z,0.7
2026-03-25T18:30:05Z,0.05
2026-03-25T18:30:00Z,0.3
2026-03-25T18:07:44Z,-0.1
2026-03-25T18:05:48Z,-0.1
2026-03-25T18:00:00Z,-0.5
2026-03-25T17:59:37Z,0.8
2026-03-25T17:59:26Z,0.2
2026-03-25T17:57:20Z,-0.8
2026-03-25T17:49:49Z,0.0
2026-03-25T17:38:52Z,-0.7
2026-03-25T17:38:00Z,0.8
2026-03-25T17:29:08Z,-0.1
2026-03-26T23:29:46Z,-0.2
2026-03-26T22:32:10Z,-0.5
2026-03-26T22:30:16Z,-0.9
2026-03-26T22:23:40Z,-0.3
2026-03-26T22:18:51Z,-0.1
2026-03-26T22:03:25Z,-0.6
2026-03-26T21:55:32Z,-0.8
2026-03-26T21:55:04Z,0.95
2026-03-26T21:52:43Z,-0.4
2026-03-26T21:44:12Z,-0.9
2026-03-26T21:21:24Z,-0.8
2026-03-26T21:17:38Z,0.3
2026-03-26T21:16:09Z,0.2
2026-03-26T21:14:53Z,0.0
2026-03-26T21:07:22Z,0.4
2026-03-26T21:00:00Z,-0.15
2026-03-26T21:00:00Z,0.6
2026-03-26T20:35:00Z,-0.8
2026-03-26T20:34:31Z,-0.7
2026-03-26T20:32:59Z,-0.5
2026-03-26T20:28:48Z,0.5
2026-03-26T20:12:51Z,-0.88
2026-03-26T19:45:30Z,0.32
2026-03-26T19:24:31Z,-0.52
2026-03-26T19:18:13Z,-0.12
2026-03-26T19:18:00Z,0.65
2026-03-26T19:17:45Z,-0.72
2026-03-26T19:13:38Z,-0.38
2026-03-26T19:02:32Z,-0.58
2026-03-26T19:00:00Z,-0.84
2026-03-26T18:58:19Z,-0.21
2026-03-26T18:47:57Z,-0.83
2026-03-26T18:34:56Z,-0.58
2026-03-26T18:20:40Z,-0.15
2026-03-26T18:10:16Z,-0.68
2026-03-26T18:04:46Z,-0.56
2026-03-26T18:00:00Z,-0.8
2026-03-26T17:52:46Z,-0.5
2026-03-26T17:52:25Z,0.4
2026-03-27T23:27:26Z,-0.7
2026-03-27T22:55:42Z,-1.0
2026-03-27T22:50:41Z,-0.4
2026-03-27T22:26:12Z,-1.0
2026-03-27T22:13:00Z,-0.6
2026-03-27T22:12:49Z,-0.8
2026-03-27T22:11:17Z,0.9
2026-03-27T22:00:46Z,-1.0
2026-03-27T22:00:42Z,-0.6
2026-03-27T22:00:00Z,0.0
2026-03-27T21:54:08Z,-0.9
2026-03-27T21:50:46Z,-0.8
2026-03-27T21:40:39Z,-0.8
2026-03-27T21:33:24Z,0.9
2026-03-27T21:16:00Z,0.7
2026-03-27T21:00:14Z,-0.4
2026-03-27T20:56:00Z,-0.3
2026-03-27T20:51:00Z,0.1
2026-03-27T20:43:37Z,-0.9
2026-03-27T20:30:00Z,0.6
2026-03-27T20:29:25Z,0.8
2026-03-27T20:16:00Z,-0.9
2026-03-27T19:53:00Z,-0.8
2026-03-27T19:41:49Z,-0.6
2026-03-27T19:31:20Z,-0.7
2026-03-27T19:14:43Z,-0.9
2026-03-27T19:11:36Z,-0.8
2026-03-27T18:59:00Z,-0.8
2026-03-27T18:49:32Z,-0.3
2026-03-27T18:34:28Z,-0.6
2026-03-27T18:28:58Z,0.8
2026-03-27T18:07:02Z,-0.5
2026-03-27T18:00:56Z,-0.7
2026-03-27T18:00:00Z,-0.9
2026-03-27T17:59:29Z,-0.4
